id,input_amounts
0,['0.00329000']
1,['0.00483000']
2,"['0.00329000', '0.00011747']"
3,['0.00466370']
4,"['0.00002392', '0.00331400']"
5,['0.00329400']
6,['0.00049794']
7,['0.00329400']
8,['0.00329400']
9,"['0.00007279', '4.00000000']"
10,['0.00500000']
11,['0.00484483']
12,['0.00014860']
13,['0.00794500']
14,['0.00014860']
15,"['0.00678410', '0.00002797']"
16,['0.00103200']
17,['1.00000000']
18,['3.99353360']
19,['3.98680795']
20,['0.00100000']
21,"['0.00056976', '0.00064468']"
22,['3.98562482']
23,"['0.00329400', '0.00008310']"
24,"['0.00329600', '0.00940000']"
25,['0.00390000']
26,['0.01010000']
27,['3.98348573']
28,"['0.00010863', '0.00109000', '0.00010000', '0.00173366']"
29,['2.00000000']
30,['0.02500000']
31,"['0.00331400', '5.00000000']"
32,['1.99704655']
33,['0.99692843']
34,"['0.00000100', '0.00100000', '0.00000200', '0.00100000', '0.00090000', '0.00050000']"
35,['0.00054522']
36,"['0.00023947', '0.00274107', '0.00005490']"
37,"['0.00226680', '0.00300000']"
38,['0.00807728']
39,['0.00474690']
40,"['0.00193178', '0.00141665']"
41,['0.00841469']
42,['0.00508894']
43,"['0.00310034', '0.00002077', '0.00011343']"
44,['0.00980000']
45,['0.00300000']
46,"['0.00002566', '0.00020000']"
47,['0.00194346']
48,['0.00106998']
49,['0.00474133']
50,['0.01000000']
51,"['0.00011000', '0.00665292']"
52,['0.01000000']
53,"['0.99355432', '0.00001792']"
54,"['0.00151090', '0.00076900', '0.00034660', '0.00086274']"
55,['0.00667003']
56,['0.00334141']
57,['0.01000000']
58,['0.00666906']
59,['0.00333916']
60,['0.01300000']
61,['0.00966697']
62,['0.00633534']
63,"['0.00033473', '0.00300192']"
64,['0.01569000']
65,['0.01235439']
66,['0.00902437']
67,['0.00569566']
68,['0.01570000']
69,['0.01237088']
70,['0.00904236']
71,['0.00603853']
72,['0.00235642']
73,['3.98009550']
74,"['0.00007603', '0.00015304', '0.00033728', '0.00282074']"
75,['0.02165849']
76,['0.01835407']
77,['0.01495573']
78,['0.01162219']
79,['0.00827448']
80,['0.00494034']
81,['0.03535793']
82,['0.02602567']
83,['0.02268794']
84,['0.00910000']
85,['0.00576575']
86,"['0.00100000', '0.01935283', '0.00034614']"
87,"['0.00021076', '0.00160590']"
88,['0.00275830']
89,['0.01714000']
90,"['0.00010044', '0.01380250']"
91,['0.99023081']
92,['0.01056919']
93,['0.03000000']
94,['0.00956596']
95,['0.00755825']
96,['0.00300000']
97,['0.00555362']
98,['3.97688595']
99,['3.96187371']
100,['3.95986231']
101,['0.01999650']
102,"['0.00080000', '0.00116387', '0.00004801']"
103,"['0.00098946', '0.00006080', '0.00100000', '0.00100000']"
104,['0.01780000']
105,"['0.00100000', '0.00003846', '0.00100000', '0.00100000']"
106,['0.00200000']
107,['4.99996489']
108,"['0.00100000', '0.00002274']"
109,"['0.00107722', '0.00390000']"
110,"['0.00100000', '0.00004873', '0.00008928']"
111,"['0.00010000', '0.00046318']"
112,"['0.00120000', '0.00171142', '0.00001728', '0.00120000', '0.00002710']"
113,['0.01450000']
114,"['0.00005582', '0.00087643', '0.00444318']"
115,['4.99785479']
116,"['0.00341677', '0.00040000']"
117,['0.00100000']
118,"['0.00480000', '0.00085624']"
119,"['0.00091371', '0.00009809', '0.00200000']"
120,"['0.00025639', '0.00008000', '0.00270000', '0.00090000', '0.00163049', '0.00370000']"
121,"['0.00010000', '0.00006000', '0.00008108', '0.00480000']"
122,"['0.01541466', '0.00228044']"
123,['0.01490000']
124,['0.03500000']
125,"['0.00300000', '0.00592000', '0.00110000']"
126,"['0.00169500', '0.00002924', '0.00090000', '0.00360000', '0.00480000', '0.00100000', '0.00300000']"
127,['0.00290000']
128,['0.00200000']
129,['0.01139210']
130,['0.00816429']
131,['0.97522718']
132,['0.00638768']
133,"['0.00004222', '0.00800000', '0.00300000']"
134,"['0.00226500', '0.00065050']"
135,"['0.00454585', '0.00089529', '0.00003409', '0.00453570']"
136,"['0.00213902', '0.00790000']"
137,"['0.01430900', '0.00100000']"
138,['0.00205531']
139,['0.00300000']
140,"['0.00002967', '0.00049540', '0.01109159', '0.00139299']"
141,['1.99373758']
142,"['0.00069882', '0.00034986', '0.00100000']"
143,['0.00070000']
144,['0.00280000']
145,"['0.00003753', '0.00900000', '0.00024546']"
146,"['0.00300000', '0.00015798']"
147,"['0.00464370', '0.00180000']"
148,"['0.00068817', '0.00011571', '0.00500000']"
149,"['0.00477158', '0.00004031', '0.00500000']"
150,"['0.00490000', '0.00200000', '0.00290000']"
151,"['0.00600000', '0.00500000', '0.00002053', '0.00969612', '0.00263338', '0.00880000', '0.00500000', '0.00880000', '0.00800000', '0.00500000', '0.00007323']"
152,['0.01679252']
153,"['0.00900000', '3.00000000', '0.02698517']"
154,['0.01000000']
155,['0.00500000']
156,"['0.01000000', '0.06000000', '0.00002022', '0.01000000', '0.01680000', '0.00090000', '0.01330130', '0.01000000']"
157,['0.00500000']
158,['0.00090000']
159,"['0.01000000', '0.00040000', '0.01476972', '0.00005076', '0.05000000', '0.01500000', '0.00980000']"
160,"['0.00600000', '1.99173049']"
161,"['0.05900000', '0.00963986', '0.02959206', '0.00179344']"
162,['0.00700000']
163,"['0.00021000', '0.00001304', '0.00199320', '0.00142790', '0.00038000']"
164,['0.00860000']
165,['0.01000000']
166,['0.00084400']
167,['0.00359242']
168,"['0.01000000', '0.00000618']"
169,"['0.00100000', '0.00014607']"
170,"['0.00499505', '0.00800000']"
171,"['0.00010000', '0.00014173', '0.00058722', '0.00017000', '0.00040000']"
172,['0.00295828']
173,['0.01990000']
174,"['0.00500000', '0.00001292']"
175,['0.01539616']
176,"['0.00090000', '0.00250000', '0.00518879', '0.00168323']"
177,['0.02000000']
178,['0.07024500']
179,['0.00949447']
180,['0.00913033']
181,['0.05000000']
182,['2.98596482']
183,['0.09980000']
184,['1.89771929']
185,['0.00500000']
186,['0.00472132']
187,['0.03000000']
188,['0.02471042']
189,['0.05000000']
190,['0.00397767']
191,['0.00876380']
192,"['0.00318000', '0.00900000']"
193,['1.88658308']
194,['0.01000000']
195,['0.01884735']
196,['0.08944019']
197,['1.87555651']
198,['3.95785496']
199,"['0.01053013', '0.01090000']"
200,['0.06000000']
201,['0.07388729']
202,['0.01000000']
203,['0.05795187']
204,['0.00400000']
205,"['0.00390000', '0.00297606', '0.03024800']"
206,"['0.00975391', '0.00050000', '0.00663448', '0.00200000', '0.00003703']"
207,['0.03883470']
208,['0.02397360']
209,"['0.00005673', '0.00090000', '0.00006080']"
210,['0.01000000']
211,"['0.00191291', '0.00099000', '0.00237136', '0.00180000', '0.00900000', '0.00044827', '0.00180000']"
212,"['0.00980000', '0.00290000', '0.00100000', '0.02900000', '0.00010000', '0.00000381', '0.00170000', '0.00090000', '0.00005460', '0.00028000', '0.00097600', '0.00229870', '0.00990000', '0.00797421', '0.00014000', '0.03300000']"
213,"['0.01000000', '0.01773618', '0.00390000']"
214,['0.00039116']
215,"['0.01000000', '0.00019558', '0.04000000', '0.02481819']"
216,"['0.01000000', '0.00005460']"
217,"['0.01000000', '0.02000000', '0.05956606', '0.00044756', '0.01000000']"
218,"['0.01000000', '0.01000000', '0.00013614', '0.01000000']"
219,['0.00193800']
220,['0.00173392']
221,"['0.02400000', '0.01000000', '0.01950000', '0.00152278', '0.00004686', '0.00003735', '0.01944692', '0.01000000', '0.00969500', '0.01000000', '0.01030000', '0.00978889']"
222,"['0.02310000', '0.01000000', '0.00096700']"
223,"['0.00010000', '0.00010000', '0.00011420']"
224,"['0.01000000', '0.00100000', '0.01995725']"
225,"['0.00006042', '0.05000000', '0.09990000', '0.00005647']"
226,"['0.00500000', '0.00013629', '0.05000000', '0.07000000']"
227,['0.01570000']
228,['0.01940000']
229,['0.00569617']
230,['0.00319175']
231,"['0.00050000', '0.00161670']"
232,"['0.00012624', '0.00020650']"
233,"['0.03000000', '0.00050000', '0.01339046', '0.01930000', '0.00000655', '0.00010000', '0.00637176', '0.03966782', '0.00070000']"
234,['0.02700000']
235,"['0.00020000', '0.00114700', '0.00072800']"
236,['0.00158607']
237,['0.00050000']
238,['0.00058257']
239,['0.00100000']
240,"['0.00298521', '0.00010000', '0.00008635', '0.00100000', '0.01000000', '0.00078946', '0.00028733', '0.00170883', '0.00001000']"
241,"['3.95654577', '0.00222825']"
242,['1.87453880']
243,"['0.00127802', '0.00020000', '0.00006184', '0.00196900', '0.00000486']"
244,"['0.01000000', '0.01930000', '0.00010000', '0.01940000', '0.01950000', '0.01942388', '0.00100000', '0.00020000', '0.00020000', '0.00110000', '0.00980000']"
245,"['0.00100000', '0.00989938']"
246,"['0.01200000', '0.06000000', '0.03000000']"
247,"['0.00002471', '0.00050000']"
248,"['0.00039024', '1.00000000']"
249,"['0.00980000', '0.06617805', '0.01000000', '0.02000000']"
250,['0.01500000']
251,['0.96911960']
252,['0.05500000']
253,"['0.00011752', '0.09743739', '0.00001880', '0.00244633']"
254,"['3.95466317', '0.00100000', '0.00001101']"
255,"['0.20000000', '0.00005460']"
256,['0.00028073']
257,['0.10000000']
258,"['0.00178944', '0.00199327', '0.00040000']"
259,['0.00689591']
260,"['0.00004696', '0.00017295']"
261,['0.00658801']
262,['0.00500000']
263,"['0.00090000', '0.00070000']"
264,['0.00290000']
265,"['0.00300000', '0.00001403', '0.00009435', '0.00010000', '0.00006448', '0.00479279', '0.00618429']"
266,['0.00090000']
267,['0.00239673']
268,"['0.00007341', '0.00010000', '0.00006000']"
269,"['0.00019438', '0.00002269']"
270,['0.00080000']
271,['1.00000000']
272,"['0.00040856', '0.00060000']"
273,['0.00149087']
274,['0.00390625']
275,"['0.00048616', '0.00060110']"
276,['0.00028517']
277,"['0.00000996', '0.04907495']"
278,['0.00290075']
279,['0.00189500']
280,"['0.00007701', '0.00510000', '0.00001000', '0.00010000', '0.00063000', '0.00013227', '0.00007636', '0.00088918']"
281,"['0.00100000', '0.00500000', '0.00001500']"
282,"['0.00392695', '0.00392156']"
283,"['0.00000822', '0.00080000']"
284,['0.00393405']
285,['0.00237000']
286,['0.00216326']
287,['1.00000000']
288,"['0.00262691', '0.00040000', '0.00700000', '0.01000000', '0.01000000', '0.01470000', '0.00500000', '0.00040900', '0.00005460', '0.00049400', '0.01000000']"
289,"['0.00052000', '0.00083132', '0.00004219']"
290,"['0.00095634', '4.99684049']"
291,"['0.00986679', '0.01119474']"
292,"['0.00090000', '0.00060081']"
293,['0.00105352']
294,['0.00062974']
295,['0.00090000']
296,['0.94810566']
297,['2.97511978']
298,['0.00110000']
299,"['0.00029336', '0.00020615', '0.01158205']"
300,['0.00100000']
301,"['0.00002546', '0.00190000', '0.00200000', '0.00700000', '0.00009022', '0.01900000']"
302,"['0.00070000', '0.00006504', '0.00224987', '0.00700000']"
303,"['0.01000000', '0.00019516', '0.00890000', '0.00029639', '0.00150000', '0.00198637']"
304,"['0.00010000', '0.00013839', '0.00100000']"
305,['0.01000000']
306,"['0.00008606', '0.00100000']"
307,['0.01187000']
308,"['0.00010000', '0.00007834', '0.00008830']"
309,"['0.00001000', '0.00100000', '0.00200000']"
310,"['0.00489333', '0.00025000', '0.01495000']"
311,['0.10000000']
312,['0.05000000']
313,['0.01000000']
314,['0.00063540']
315,['0.00880000']
316,"['0.01000000', '0.00007126']"
317,"['0.00005666', '0.05000000', '0.00100000']"
318,['0.09799273']
319,['0.04000000']
320,['0.05000000']
321,['0.00975106']
322,['0.01149000']
323,['0.00110000']
324,['2.97453038']
325,['0.00640000']
326,['0.76910950']
327,"['0.00342500', '0.00202400', '0.20000000']"
328,['0.01001500']
329,"['0.02000000', '0.02992835', '0.00011000']"
330,"['0.00002000', '0.10000000']"
331,"['0.00011808', '0.73408535', '0.00108100']"
332,['0.00176337']
333,"['0.00620000', '0.98598896']"
334,['8.82000000']
335,['1.00000000']
336,['0.04974480']
337,['0.03695652']
338,['0.03000000']
339,['0.10000000']
340,"['0.00990000', '0.00014800', '0.00500000']"
341,['0.20000000']
342,"['0.00000659', '0.00022810', '0.00008262', '0.00020000']"
343,"['0.02747658', '0.00112327', '0.00541938', '0.00100000']"
344,"['0.00400000', '0.00773347', '1.84379095', '0.10000000', '0.01449659', '4.99579097', '0.09906713', '0.43519022']"
345,"['0.00060426', '0.00020000', '0.00000368', '0.00030000', '0.00011821', '0.00005480', '0.00073315']"
346,"['0.00100000', '0.00001437', '0.00100000']"
347,"['0.00090000', '0.00017188', '0.00011522', '0.00200000', '0.00062652', '0.00090000', '0.00130000', '0.00000801']"
348,"['0.00200000', '0.00124100', '0.00087269']"
349,"['0.00100000', '0.00030000', '0.00294160']"
350,"['0.00190000', '0.00198467', '0.00190000', '0.00360000', '0.01070000', '0.00003192']"
351,"['0.00212552', '0.00400000', '0.03156101', '0.00970000', '0.00990000', '0.00728463', '0.00450000', '0.00000707', '0.00210500', '0.00383524']"
352,['0.03000000']
353,"['0.02000000', '0.00220000', '0.00410000', '0.00207729', '0.10000000', '0.20000000', '0.00935000', '0.00414937', '0.00590000', '0.05000000', '0.00819841', '0.00340000', '0.00260000', '0.01864286']"
354,"['0.00050000', '0.01000000']"
355,"['0.00049317', '0.00150000']"
356,['0.00824903']
357,"['0.04800877', '0.01050420', '0.00927000', '0.00764401', '0.02245391', '0.03000000', '0.00100000', '0.00041390', '0.02073312']"
358,['1.49990000']
359,"['0.00500000', '0.09522402']"
360,"['0.05000000', '0.00011438', '0.05000000']"
361,['0.00110000']
362,['0.00059456']
363,['0.00138864']
364,['0.10000000']
365,['0.00290001']
366,"['0.00037853', '0.00040000', '0.00040000', '0.00009030', '0.00089455']"
367,['0.00841560']
368,['0.00279197']
369,"['0.00350000', '0.01041666']"
370,"['0.00043403', '0.00090000', '0.00078874']"
371,"['0.00040000', '0.00029600']"
372,['0.94758286']
373,"['0.00250000', '0.00004098', '0.00500000', '0.00490000', '0.00010000', '0.01849000', '0.00031395', '0.00090000', '0.00590430', '0.00654000', '0.00004197', '0.00091150', '0.00990000', '0.00001168', '0.01458546', '0.17497728', '0.01054340', '0.00759000']"
374,"['0.22830530', '0.50000000']"
375,['0.01740000']
376,"['0.00020930', '0.00090000']"
377,"['0.00100000', '0.00094703']"
378,"['0.00010185', '0.00044112']"
379,['0.00109998']
380,"['0.00001450', '0.00100000']"
381,"['0.00139584', '0.00140000', '0.00376342', '0.00500000']"
382,['0.01230000']
383,"['0.00040000', '0.00019000']"
384,"['0.00000681', '0.00008177', '0.04490000', '0.00500000', '0.00003474', '0.00090000', '0.00090000']"
385,"['0.10000000', '0.00040000', '0.00827097', '0.01090000', '0.04108462', '0.00004677', '0.02000000', '0.03826319', '0.01179268', '0.01090000', '0.02200000', '0.00250000', '0.00040000', '0.09949075']"
386,['0.02784502']
387,['0.01783384']
388,['0.00028000']
389,"['0.00766308', '0.00421683']"
390,"['0.00006436', '0.00006372', '0.00010486']"
391,['0.09990000']
392,"['0.00500000', '0.01000000', '0.00100000', '0.00100000', '0.00011100', '0.02000000', '0.00104916', '0.00058000', '0.00836500', '0.00100000', '0.04000000', '0.00002166', '0.01000000', '0.00086473', '0.00104404']"
393,['0.00147109']
394,['0.00210588']
395,"['0.00049998', '0.00036638']"
396,['0.27513323']
397,['3.85566366']
398,['0.00100000']
399,['0.00100000']
400,"['0.00000925', '0.00049664']"
401,"['0.00100038', '0.00118400']"
402,['0.00025611']
403,"['0.00005195', '0.00050000']"
404,['0.00848688']
405,['0.00618143']
406,"['0.00290000', '0.01630678', '0.00008236', '0.00007516', '0.00005939', '0.00004425', '0.00500000', '0.00040000', '0.00010000', '0.00005747']"
407,"['0.00010000', '0.00006169', '0.04865056', '0.01194000', '0.01000000', '0.00317442', '0.01000000', '0.02057994', '0.10000000', '0.00051449', '0.04501000']"
408,"['0.00040000', '0.00200000']"
409,"['0.04988964', '0.00009136', '0.00220000', '0.04577635', '0.00205800']"
410,['0.00205800']
411,"['0.02100000', '0.10289971', '0.00115363']"
412,"['0.05000000', '0.00004639', '0.05000000']"
413,"['0.00051449', '0.00956300']"
414,['0.30000000']
415,"['0.00003597', '0.00100000', '0.01300000', '0.00100000', '0.00500000']"
416,"['0.00005500', '0.08320540', '0.00001572', '0.00006169', '0.03000000', '0.10345969', '0.00010000', '0.00205800', '0.02702703', '0.05344091', '0.00060000']"
417,"['0.25000000', '0.05000000', '0.00015916']"
418,['0.00500000']
419,['0.00474631']
420,['0.00090000']
421,['0.00054370']
422,"['0.00018703', '0.00929808', '0.00103700', '0.00439178', '0.00100000']"
423,"['0.00025000', '0.00015000', '0.00014940']"
424,"['0.05990000', '0.00003609', '0.00020000', '0.01990000']"
425,['0.00372964']
426,"['0.00653000', '0.00002109']"
427,"['0.00200000', '0.00001149']"
428,"['0.01000000', '0.00000715', '0.01000000', '0.01000000', '0.00072239', '0.00020746', '0.03108035']"
429,['0.00500000']
430,['0.00374752']
431,['0.00274047']
432,['0.00173532']
433,['0.24600857']
434,"['0.00017000', '0.01000000', '0.00399445', '0.02115000', '0.06000000', '0.10416666', '0.00030000', '0.00025000']"
435,['0.00150000']
436,['0.12512442']
437,['0.08066294']
438,['0.10000000']
439,['0.10000000']
440,['0.37828930']
441,['0.19980000']
442,['0.06881642']
443,['0.01155000']
444,['0.00039202']
445,['0.03637388']
446,['0.27526571']
447,['0.03522440']
448,['0.07960583']
449,['0.00025000']
450,['0.25540358']
451,['0.10570824']
452,['0.10809224']
453,"['0.09000000', '0.00088052']"
454,['0.01039651']
455,['0.03307453']
456,['0.00185463']
457,['0.09195496']
458,['0.01152508']
459,['0.00930000']
460,"['0.19168660', '0.00010000']"
461,['0.06838774']
462,['0.25000000']
463,"['0.03000000', '0.00002317']"
464,['0.01000771']
465,"['0.00400000', '0.00076951']"
466,"['0.00071040', '0.00108903', '0.00187114', '0.00073148', '0.10436234', '0.00104060', '0.00025000', '0.00020872', '0.00020800', '0.00012726', '0.01042435']"
467,['0.00104079']
468,['0.00028044']
469,['0.00040000']
470,"['0.00003664', '0.00019587']"
471,['0.00029100']
472,"['0.00026656', '0.00250000', '0.00007584', '0.00049998', '0.00080000', '0.00002749', '0.00005460', '0.00008776', '0.00190000', '0.01239744', '0.00142296']"
473,['0.10000000']
474,"['0.00010837', '0.00100000', '0.00208290', '0.20000000', '0.01051634', '0.00212736', '0.00090000', '0.00060000', '0.00100000']"
475,"['0.00100000', '0.00012190', '0.00100000', '0.00100000', '0.03450481', '0.00208120', '0.00100000', '0.00490000', '0.00142422']"
476,"['0.00417211', '0.00220428', '0.00090000', '0.00144195', '0.03045621', '0.00700000', '0.00080000', '0.00002042', '0.00178983', '0.00124378']"
477,['0.22842800']
478,['0.00070000']
479,['0.00187023']
480,"['0.02068400', '0.00416319', '0.00140000', '0.07438057']"
481,"['0.00215000', '0.00010000', '0.00059000']"
482,['2.96246967']
483,"['0.00030495', '0.00001882', '0.00030000', '0.00037310', '0.00002473']"
484,"['0.06835878', '0.02080000', '0.00028257', '0.00290000']"
485,"['0.00197628', '0.00097909', '0.00100000', '0.00020000', '0.00022454', '0.00084389']"
486,"['0.00200000', '0.00221800', '0.00200000', '0.00100000', '0.00200000', '0.00235992', '0.00100000', '0.01041232', '0.00003383', '0.00200000']"
487,"['0.00798782', '0.00207400']"
488,"['0.00482560', '0.00240000', '0.00481691', '0.00400000', '0.00576620']"
489,"['0.00300000', '0.00625800', '0.00500000', '0.05469927', '0.00500000', '0.00500000', '0.00022000', '0.00568774', '0.00500000', '0.00207955', '0.00500000', '0.00208290', '0.00100000']"
490,['0.50000000']
491,"['0.00005359', '0.00100000']"
492,"['0.00116400', '0.00190000']"
493,"['0.02200000', '0.00045854', '0.00040000', '0.01580000', '0.02079564', '0.16921861', '0.00003966', '0.00980000', '0.00416051', '0.00685854', '0.00049998']"
494,"['0.00800000', '0.00250000', '0.00248667', '0.02082422', '0.01621225']"
495,"['0.01030594', '0.01984500', '0.01000000', '0.00851600', '0.00040058', '0.01896000', '0.01200000']"
496,['0.02079131']
497,"['0.00077701', '0.00024091', '0.01000000', '0.01900000']"
498,"['0.01867219', '0.02800000', '0.00345636']"
499,"['0.00122000', '0.00056005', '0.00622407', '0.00065949', '0.00090000', '0.01547142']"
500,['0.00400000']
501,"['0.00982000', '0.00007554', '0.00220000', '0.00011825', '0.00790000']"
502,"['0.04999045', '0.00002202', '0.00010000']"
503,['0.98212732']
504,['0.10000000']
505,"['0.00051349', '0.00029760', '0.00020000', '0.00000248', '0.00000100']"
506,"['0.00007226', '0.00050000', '0.00100000', '0.00100000', '0.00299424', '0.00050000', '0.00130000', '0.00090000']"
507,"['0.02203000', '0.00061268']"
508,['0.00042100']
509,['0.10414930']
510,['0.06190000']
511,"['0.00169662', '0.00010000', '0.00006218', '0.00100000', '0.00100000', '0.00021578', '0.00040000', '0.00151412', '0.00140000']"
512,['0.01000000']
513,"['0.00400000', '0.00424628', '0.00052161', '0.00050106', '0.00026000', '0.00400000', '0.00011920', '0.00106000', '0.00213201', '0.00190000', '0.00130000', '0.03000000']"
514,"['0.01000000', '0.00397000', '0.00107100', '0.00647720']"
515,"['0.00170000', '0.00070000', '0.00053000', '0.00210925']"
516,"['0.00653948', '0.01504962']"
517,"['0.01000000', '0.05246000', '0.01000000', '0.00002211', '0.01000000', '0.01000000', '0.00008158', '0.00571000', '0.01000000', '0.00001583', '0.00100000', '0.01000000']"
518,['0.00700000']
519,"['0.00224631', '0.00950000', '0.01026670']"
520,"['0.01000000', '0.05000000', '0.00004516', '0.01000000', '0.00100000', '0.00344105', '0.02126000', '0.00040000', '0.04158176', '0.01229700']"
521,['0.00184806']
522,['0.10000000']
523,"['0.02000000', '0.01000000', '0.02550000', '0.00019143', '0.00975259', '0.01990000', '0.01000000', '0.01000000']"
524,"['0.00155000', '0.10900000']"
525,['0.00500000']
526,['0.00054093']
527,"['0.04587251', '0.02069671', '0.01000000', '0.16000000', '0.00290000', '0.01000000', '0.00055754']"
528,"['0.01726500', '0.03580000', '0.00069715']"
529,['0.89768187']
530,['0.22741789']
531,['0.15000000']
532,"['0.08988650', '0.00106400', '0.00012845', '0.11905600']"
533,['0.07737345']
534,['0.48398990']
535,['0.88761534']
536,['1.00000000']
537,['0.00033709']
538,['0.04000000']
539,['0.05000000']
540,['0.92607401']
541,"['0.00015000', '0.00067183', '0.00009382']"
542,"['0.00423208', '0.00259000', '0.08320888']"
543,"['2.94745743', '0.08712578', '0.05000000', '0.02350000', '0.03969247', '0.00002192', '0.48060000', '0.04279631', '0.04000000', '0.00300000', '0.01994000', '0.00102837', '0.04280000', '0.07800000', '0.04284000', '0.05000000', '0.08430556', '0.98939129', '0.00010000', '0.08306141', '0.84304923', '0.01000000', '0.21153276', '0.07038583', '0.02000000', '8.78992843', '0.10000000', '0.10000000', '0.25000000', '0.00128100', '0.25469995', '0.00070000', '0.02805161', '0.05000000', '0.00434927', '0.04000000', '0.10000000', '0.24521218', '1.48469045', '0.04284000', '0.10000000', '0.00200000', '0.04900000', '0.00020000']"
544,"['0.00007836', '0.00390000', '0.00097964', '0.00020000', '0.00013732', '0.00005466', '0.00200000', '0.00213656', '0.00017890', '0.00200000', '0.00001707', '0.00348375']"
545,['0.00070000']
546,"['0.00313728', '0.00049587', '0.00745848', '0.01100000', '0.00080000', '0.00320034', '0.00400000', '0.16064069', '0.00428400', '0.00500000']"
547,['0.00445059']
548,['0.00254564']
549,"['0.01000000', '0.00054116']"
550,"['0.01107100', '0.00508549', '0.00678000', '0.00883439', '0.00053614', '0.01070755', '0.01000000']"
551,"['0.00455000', '0.01604660']"
552,"['0.00648228', '0.02142000', '0.02280000', '0.00059058', '0.00885000', '0.00997800', '0.02990000']"
553,"['0.01000000', '0.01000000', '0.00933765', '0.01000000', '0.01000000', '0.01000000', '0.01000000', '0.01000000', '0.01000000', '0.01069038']"
554,"['0.02595378', '0.00040000', '0.02105795', '0.01500000', '0.01000000', '0.02760084']"
555,"['0.00343658', '0.10000000']"
556,['0.00326950']
557,['0.00306371']
558,"['0.01000000', '0.00500000']"
559,"['0.00200000', '0.01350000', '0.02093000', '0.00209300', '0.00040000']"
560,['0.01055587']
561,"['0.12400000', '0.02147000', '0.04822409', '0.02835926', '0.83536159']"
562,"['1.1E-7', '0.00099371', '0.01152610']"
563,['0.00210800']
564,['0.09088731']
565,['0.10631034']
566,['0.12490000']
567,"['0.00010000', '0.00021900', '0.00005000']"
568,"['0.00090000', '0.00400000', '0.00090000', '0.00027720', '0.00030000', '0.00010203', '0.00090000', '0.00100000', '0.00500000', '0.00016486', '0.00468990', '0.00090000']"
569,"['0.00255000', '0.07029852', '0.00206300', '0.01000000', '0.04166145', '0.02062000']"
570,"['0.00110000', '0.00474696', '0.00123800', '0.01390000', '0.00206385', '0.03000000', '0.00800000', '0.08573571', '0.00100454', '0.00020000']"
571,"['0.05000000', '0.01055587', '0.02000000', '0.01055587', '0.00299431', '0.00013886', '0.02000000', '0.13988202', '0.75000000', '0.00255929', '0.00990000']"
572,"['0.10000000', '0.10000000', '0.64696900', '0.00300000', '0.10373894', '7.90345679', '0.05210015', '0.10000000', '0.09908096', '0.10000000', '0.04990427', '0.04676873', '0.05000000', '0.05000000', '0.45389885', '0.09338908', '0.50000000', '0.16067313', '0.10000000', '0.02096000', '0.04000000']"
573,['0.05000000']
574,"['0.00327680', '0.00397396']"
575,"['0.06660000', '0.00024160', '0.01100000', '0.01000000', '0.10000000', '0.01000000', '0.02063000', '0.04122606', '0.02000000', '0.02300000', '0.00032739']"
576,"['10.00000000', '0.06600000']"
577,"['0.01125000', '0.00100000']"
578,"['0.00200000', '0.00002000', '0.00024284', '0.00174820']"
579,"['0.05000000', '0.00010000']"
580,"['0.03800000', '0.00208300', '0.01000000']"
581,"['0.00100000', '0.00200000', '0.00007531', '0.00927940']"
582,"['0.00026804', '0.00068207', '0.01000000', '0.00009315', '0.03899268']"
583,['0.00640000']
584,"['0.00005543', '0.09995496']"
585,['0.10480422']
586,['0.01100000']
587,"['0.00104000', '0.01157480', '0.00500000', '0.00002176', '0.00208655', '0.00300000', '0.00429526']"
588,"['0.00050000', '0.00050000', '0.00824000', '0.01208500']"
589,"['0.00002242', '0.00100000']"
590,['0.01000000']
591,['0.00499375']
592,"['0.00090000', '0.01180000', '0.01000000', '0.01900000', '0.00010487', '0.00001633']"
593,['0.06382501']
594,['0.10000000']
595,"['0.01590000', '0.02156921', '0.00900000', '0.04324000', '0.01000000', '0.02108000', '0.01000000', '0.00006151', '0.00018010', '0.01000000']"
596,"['0.00288683', '0.01297000', '0.02900000']"
597,"['0.00319965', '0.05688942']"
598,"['0.02800000', '0.02084000', '0.00008225', '0.05100000', '0.21235365', '0.01047000', '0.05000000', '0.01800000', '0.04821802', '0.01160000', '0.00007826']"
599,['0.00344500']
600,"['0.12500000', '0.03160556', '0.05146443', '0.00194144', '0.10000000', '0.05502204', '0.09000000', '0.48548154', '0.00010044', '0.05941249']"
601,"['0.00900000', '0.02000000', '0.00990000', '0.00300000']"
602,"['0.10000000', '0.00311118', '0.01000000', '0.06858000', '0.00076948', '0.07979541', '0.00018309', '0.09880000', '0.11489115', '0.08777507', '0.12345678', '0.00100000', '0.01025452', '0.00152160', '0.29990000']"
603,['0.02900000']
604,"['0.05990000', '0.00100000', '0.01060000', '0.00020000', '0.00850989']"
605,"['0.02900000', '0.00300000', '0.00019667', '0.10000000']"
606,['0.00249500']
607,"['0.00035063', '0.00018435']"
608,"['0.01000000', '0.10000000', '0.01700000', '0.00340000', '0.04000000', '0.00100000', '0.06730180', '0.00012642', '0.02500000', '0.00500000', '0.00218602']"
609,['0.00390000']
610,['0.00359385']
611,['0.00328627']
612,"['0.05000000', '0.00005500']"
613,['0.10000000']
614,['1.00000000']
615,['0.10300000']
616,['0.05000000']
617,['0.94848449']
618,['0.10000000']
619,['9.86121291']
620,['9.81114606']
621,"['0.00020000', '0.54549336']"
622,['1.00010000']
623,['0.02725225']
624,['1.00000000']
625,"['0.10000000', '0.00004589']"
626,"['0.00001000', '0.00023316']"
627,"['0.19937835', '0.01043523']"
628,"['0.03000000', '0.00900000', '0.00210400', '0.03895496']"
629,['0.94999202']
630,['0.09990000']
631,['0.01000000']
632,['0.19168469']
633,['0.09851500']
634,['0.10000000']
635,"['0.10000000', '0.00315900', '0.00100000', '0.04071182', '0.01140000', '0.02102000']"
636,"['0.00880000', '0.09954263', '0.00100000']"
637,['0.23600000']
638,['0.02099301']
639,"['0.00040000', '0.00298132', '0.02040000', '0.00040849', '0.00000500', '0.00035000', '0.00771000', '0.00275556', '0.00275000', '0.00960000', '0.00060000', '0.00003065', '0.00014736', '0.00191000']"
640,"['0.00200000', '0.00000100', '0.00012200']"
641,"['0.00090000', '0.01000000']"
642,"['0.01500000', '0.03400000', '0.00016505', '0.01447000', '0.01757000', '0.15084000', '0.00011437', '0.07312443']"
643,"['0.01000000', '0.00107000', '0.02104000', '0.00030000', '0.02558000', '0.02117791', '0.00800000', '0.05091172', '0.01035697']"
644,"['0.10000000', '0.04616700', '0.01000000', '0.02090000', '0.01729659', '0.01059052', '0.02127614', '0.77388501']"
645,"['0.03376487', '0.00961687']"
646,['0.02063000']
647,['0.00090305']
648,"['0.00044075', '0.00026362']"
649,"['0.02890000', '0.76670985', '0.05000000', '0.01798190', '0.02000000', '0.02000000', '0.02928862', '0.01000000', '0.01000000', '0.00548500', '0.04171000', '0.00005335']"
650,['0.01997522']
651,['0.00861325']
652,['0.00790211']
653,['0.00719798']
654,['0.00649404']
655,['0.00558961']
656,"['0.99853524', '0.02521597', '0.10000000', '0.15000000', '0.89998310', '0.03900000', '0.47961122', '0.05000000', '0.00488358', '0.37498566', '0.03171696', '0.10000000', '0.02488306', '0.02117163', '0.10000000', '0.10000000', '0.23441365', '0.94685712']"
657,"['0.01000000', '0.09688866']"
658,['0.01000000']
659,"['0.01042000', '0.01060737']"
660,['0.00093896']
661,"['0.02900000', '0.10000000', '0.40000000', '0.10000000', '0.41892381']"
662,['0.00929439']
663,['0.24900000']
664,"['0.10500000', '0.00015467', '0.00019277', '0.02120441']"
665,['0.08504000']
666,"['0.00000978', '0.10000000']"
667,"['0.00023472', '0.00735487', '0.01840000', '0.00003908']"
668,['0.00858860']
669,['0.00668087']
670,['0.01000000']
671,"['0.10000000', '0.00100000', '0.04920281']"
672,"['0.00749250', '0.00520000']"
673,"['0.03195529', '0.09932132', '0.02900000']"
674,['0.75000000']
675,['0.00268523']
676,['0.02000000']
677,"['0.00014271', '0.00017301', '0.00019121', '0.00100000', '0.00002059', '0.00100000']"
678,"['0.01026951', '0.13174372']"
679,['3.09334468']
680,"['0.00200000', '0.00300000', '0.00184200', '0.00500000', '0.02111575', '0.00172908', '0.00500000', '0.00990000']"
681,['0.00028097']
682,['0.01456000']
683,"['0.09900000', '0.00002810', '0.00007812', '0.01204915', '0.02126270', '0.08199518', '0.00007500']"
684,"['0.06270253', '0.74805029']"
685,['0.00305000']
686,"['0.00000349', '0.01698208', '0.00004355', '0.06337000', '0.35000000', '0.04890000', '0.00200000', '0.04900000', '0.04500000', '0.00500000', '0.00181486', '0.00001610', '0.00200000', '0.00002980', '0.02090000', '0.00010000']"
687,"['0.01672485', '0.01000000']"
688,"['0.00009375', '0.00200000', '0.00020000']"
689,['0.03767000']
690,['0.06716000']
691,['0.50000000']
692,['0.12000000']
693,"['0.00000622', '0.00100000']"
694,"['0.00970000', '0.00211200', '0.01000000', '0.00100000', '0.02083420', '0.00089729', '0.01999601', '0.00007049', '0.00827200', '0.02715501']"
695,"['0.00561692', '0.01556442']"
696,"['0.01000000', '0.01000000']"
697,['0.08352501']
698,"['0.00100000', '0.00223117', '0.00068072']"
699,['0.00064090']
700,"['0.00005008', '0.04256667', '0.02438926', '0.04900000', '0.00042997', '0.01000000', '0.00499518', '0.00587600', '0.47698510']"
701,"['0.00100000', '0.00010700']"
702,['0.04174145']
703,"['3.08333583', '0.00010000']"
704,"['0.00060000', '0.00010000', '0.00090000', '0.00023520', '0.00001000', '0.00116800', '0.00190000', '0.00010000']"
705,"['0.00100000', '0.00090000', '0.00240000', '0.01049450', '0.00042859', '0.00230000', '0.00100000', '0.00480000', '0.01670982']"
706,['0.10492000']
707,['0.00075215']
708,"['0.00135146', '0.00200000', '0.00206126', '0.00010000', '0.00230000', '0.00490000', '0.00129300', '0.00006114', '0.00004664', '0.00191206']"
709,"['0.00008501', '0.01044517', '0.00990000']"
710,"['0.00284000', '0.00129332', '0.00101524']"
711,"['0.05177325', '0.00900000', '0.00013814', '0.01071673', '0.00005923', '0.00529571', '0.06284828', '0.07055159', '0.00806000', '0.01112170', '0.02093000']"
712,"['0.02742000', '0.00260000', '0.01000000']"
713,['0.00040000']
714,"['0.01000000', '0.00009443', '0.08526667', '0.01000000', '0.00010000', '0.00215031', '0.01905000', '0.01000000', '0.30000000', '1.25000000', '0.20000000', '0.00010242', '0.00001052', '0.01048326', '0.01046484', '3.06743031', '0.00307183', '0.02083593', '0.00008562', '0.00100000']"
715,"['0.00088000', '1.00000000']"
716,['0.00117191']
717,['0.10493627']
718,"['0.00041941', '0.00200000', '0.00240000', '0.00320025']"
719,"['0.00025758', '0.00004713', '0.00171301', '0.00400000', '0.00200000']"
720,['0.01043775']
721,"['0.03990000', '0.01600000', '0.00500000', '0.02083000', '0.02000000', '0.00295008']"
722,['0.00043195']
723,['0.00300000']
724,['0.00060200']
725,['0.00518174']
726,['0.15000000']
727,['0.14701789']
728,['0.49900000']
729,"['0.50000000', '0.49950000', '1.00000000', '0.00060826']"
730,"['9.75185576', '0.00157662', '0.46796782', '0.03078041', '0.00690000', '0.75466206']"
731,['0.00046828']
732,"['0.00790000', '0.69248179']"
733,"['0.01031000', '0.00990000', '0.03990000']"
734,['0.68939617']
735,"['0.00007462', '0.09692729', '0.00015000']"
736,['0.01050000']
737,['0.14053666']
738,"['0.01000000', '0.01817766', '0.00018600', '0.00104162']"
739,"['0.00790000', '0.04866919', '0.10000000', '0.14139261', '0.06208090']"
740,"['0.00923249', '0.09490942', '0.00361268', '0.00050000', '0.00180000']"
741,"['0.01000000', '0.62933141']"
742,"['0.02800000', '0.00062808']"
743,"['0.00002117', '0.02900000']"
744,"['0.01000000', '0.00239379']"
745,['0.01889505']
746,['0.05737500']
747,['1.00000000']
748,['0.05220735']
749,['0.05012471']
750,"['0.02500000', '0.24010000', '0.02400000', '0.00209485', '0.00882945']"
751,['0.75000000']
752,"['0.00072168', '0.00100000', '0.00020900', '0.00006264', '0.00227205', '0.00300000', '0.00089500', '0.00140000', '0.00010000', '0.00008000', '0.00006769', '0.03990000', '0.00022344', '0.00010000']"
753,"['0.00190788', '0.00100000', '0.00300000', '0.00104603', '0.00459784', '0.00449100', '0.00168180', '0.00500000', '0.00100000', '0.00230000', '0.02400000']"
754,"['0.00790000', '0.00201000', '0.01010077']"
755,"['0.00980000', '0.00190000', '0.00990000', '0.03490000', '0.02092000', '0.02088816', '0.00005613', '0.00900000']"
756,['0.10000000']
757,"['0.04990000', '0.00500000', '0.00000572', '0.15990000', '0.00421070', '0.02390000', '0.00209600']"
758,"['0.01847834', '0.00200000']"
759,"['0.00034458', '0.00047093', '0.00419806']"
760,['0.00100000']
761,['0.00066239']
762,"['0.00860000', '0.00200000', '0.00578000', '0.00239492', '0.01093125', '0.00038645', '0.00079638', '0.00025747', '0.00490000', '0.00033000', '0.00018300', '0.02067310', '0.00200000', '0.00500000', '0.05000000', '0.00480000']"
763,"['0.01990000', '0.03111800', '0.05000000']"
764,['0.58181915']
765,"['0.00100000', '0.00100000', '0.00600000', '0.00213264']"
766,"['0.00500000', '0.00500000', '0.00000755', '0.00000638']"
767,['0.00115245']
768,['0.00064819']
769,['0.00670000']
770,"['0.04990000', '0.02104731', '0.01990000', '0.04345124', '0.03469919', '0.02900000', '0.02200000', '0.01000000', '0.01980000', '0.00011577', '0.00007360', '0.00003319']"
771,"['1.20000000', '0.00096592']"
772,['0.00100000']
773,"['0.00040000', '0.00044454', '0.00649427', '0.00500000']"
774,"['0.00170000', '0.00425784']"
775,['0.75000000']
776,"['0.02190000', '0.02800000', '0.10000000', '0.00029482']"
777,"['0.04189706', '0.00009677', '0.00847458', '0.00007952', '0.01476181', '0.00140000', '0.00020300']"
778,"['0.10000000', '0.03485000', '0.13552149', '0.00111001', '0.00012900']"
779,['0.00932500']
780,"['0.00212626', '0.00212341']"
781,"['0.00002326', '0.00024016', '0.00029932', '0.00555500']"
782,['0.00024552']
783,['0.00310000']
784,"['0.00040015', '0.00390000', '0.00760000', '0.05000000', '0.05512320', '0.00800000', '0.00000502']"
785,"['0.01000000', '0.01225000', '0.10080000']"
786,['0.00107100']
787,"['0.02990000', '0.00007488', '0.00004040']"
788,['0.99017276']
789,"['0.20000000', '0.20000000', '0.01000000', '0.11900000', '0.00199630', '0.10000000', '0.10000000', '0.01000000', '0.02000000', '0.10000000', '0.02752414', '0.11849000', '0.00050000', '0.02139575', '0.10000000', '0.00053154', '0.00010424']"
790,['0.00050000']
791,['0.00029474']
792,"['0.00008041', '0.00104600', '0.00086030']"
793,['0.00200000']
794,['0.00179354']
795,['0.00148778']
796,['0.00118203']
797,"['0.00037617', '0.00220000', '0.01000000', '0.10000000', '0.04000000', '0.03000000', '0.02330035']"
798,['0.05000000']
799,['0.00200000']
800,['0.00539957']
801,['0.00339486']
802,['1.00000000']
803,['0.73998349']
804,['0.00040000']
805,"['0.00200000', '0.00646200', '0.00006131', '0.00003870', '0.00129068', '0.00017000']"
806,"['0.00009091', '0.00100000', '0.01476815', '0.01000000', '0.02305453', '0.05031914', '0.00090000', '0.00030000']"
807,['0.00108600']
808,['0.73797591']
809,"['0.01000000', '0.01877975', '0.01000000', '0.00023918', '0.00050000', '0.00250000', '0.00007708', '0.00994416', '0.00150000', '0.00100000', '0.00014272', '0.00140000', '0.00500000', '0.05000000']"
810,"['0.00200000', '0.00090000', '0.00138936']"
811,"['0.00999248', '0.00041131']"
812,['0.00460000']
813,"['0.01190000', '0.00359563']"
814,['0.03140000']
815,['0.01839495']
816,['0.03290000']
817,"['0.10000000', '0.00006185']"
818,"['0.00029890', '0.00040000', '0.00139136', '0.00005306']"
819,"['0.25000000', '0.20000000', '0.02000000', '0.00361000', '0.01000000', '0.05000000', '0.00248778']"
820,"['0.49998000', '0.00002732']"
821,['0.60988946']
822,"['0.10400000', '0.00100000', '0.00008090', '0.05000000', '0.04359007', '0.00149000']"
823,"['0.00030000', '0.00005509', '0.00044700']"
824,"['0.00004185', '0.01000000']"
825,['0.10000000']
826,['0.10000000']
827,"['0.00003467', '0.01000000']"
828,['0.00416100']
829,"['0.00002559', '0.01090000', '0.09688650', '0.02930000', '0.00990000', '0.00015520', '0.00390000', '0.00130545', '0.00036801', '0.04999102']"
830,['0.02188895']
831,"['0.00070000', '0.00046014', '0.08000000', '0.01405827', '0.00065000', '0.00200000', '0.01115300', '0.00132584']"
832,['0.00188600']
833,['0.01480000']
834,['0.00114626']
835,['0.01995653']
836,['0.70496408']
837,['0.57181201']
838,['0.03460000']
839,"['0.01017977', '0.01997426']"
840,['0.09990000']
841,['0.00160000']
842,"['0.59488187', '0.04430000']"
843,['0.31300000']
844,"['0.50000000', '0.02240896']"
845,"['1.18296076', '1.40100676']"
846,['0.05000000']
847,"['0.69491964', '0.09900000']"
848,"['0.01907577', '0.10000000']"
849,['0.01057443']
850,['0.10000000']
851,"['0.03734435', '1.00000000', '0.77392740']"
852,['0.10000000']
853,['0.00054760']
854,['0.88150000']
855,['0.33908633']
856,['0.10000000']
857,['0.08098229']
858,"['0.00012708', '0.00008212']"
859,"['0.00005524', '0.00016990']"
860,['0.00030500']
861,"['0.00001919', '0.00030100', '0.01500000', '0.00047271', '0.00151000', '0.00003470', '0.00474480', '0.00040000', '0.00252207', '0.00027775', '0.00240000', '0.00050000', '0.00184432']"
862,"['0.00700000', '0.00592515', '0.00280676', '0.00760000', '0.10000000', '0.00357000', '0.01000000', '0.00352000', '0.00038584', '0.01372997']"
863,"['0.01000000', '0.00010000', '0.01000000']"
864,"['0.00790630', '0.00474000', '0.01154662', '0.05000000', '0.02217344', '0.00200000', '0.00008875', '0.02217000', '0.03939900']"
865,"['0.00010000', '0.05000000']"
866,['0.01190000']
867,"['0.10000000', '0.00009501']"
868,"['0.03070000', '0.00008959', '0.01296372', '0.09177635', '0.02370000', '0.58971641', '0.15000000', '0.02229306', '0.01885345', '0.03541829']"
869,"['0.02454019', '0.00070000']"
870,"['0.01445437', '0.03975062']"
871,"['0.20000000', '0.10000000']"
872,"['0.00010000', '0.00114997', '0.09900000']"
873,"['0.02697146', '0.02000000', '0.00010600', '0.01000000', '0.06840468', '0.01082582', '0.12000000', '0.10000000', '0.10000000', '0.02000000', '0.02371466']"
874,"['0.01412557', '0.00189381']"
875,"['0.00054266', '0.00101139']"
876,['0.00111111']
877,"['0.00077419', '0.09889449', '0.00004858', '0.00040000', '0.01000000', '0.02215516', '0.08880000', '0.06496594', '0.00004098', '0.04000000', '0.05000000', '0.02648925', '0.00600000']"
878,['0.00963037']
879,"['0.00848366', '0.01420909']"
880,"['0.00150555', '0.01977500']"
881,"['0.03202042', '0.00040000', '0.06652031', '0.00009552', '0.00100000']"
882,['0.08991736']
883,['0.07990725']
884,['0.06869980']
885,['0.00250000']
886,"['0.00049454', '0.00010532']"
887,"['0.01000000', '0.10000000', '0.14690000']"
888,"['0.00500000', '0.00100000']"
889,['0.00520000']
890,['0.36808844']
891,['0.05869615']
892,"['0.00104822', '0.00076268', '0.00369457', '0.00260000']"
893,"['0.53306075', '0.20000000', '7.62682766', '0.00015000', '1.00000000', '0.23000000', '0.30000000', '0.11000000']"
894,"['0.00169630', '0.00040115']"
895,['0.00634500']
896,"['0.00002380', '1.00000000', '0.00008942']"
897,"['0.01613500', '0.01000000', '0.00413415']"
898,['0.00049998']
899,['0.01808800']
900,"['0.00025903', '0.04908586', '0.19900000', '0.07000000', '0.05367823', '0.00800000', '0.12000000']"
901,"['0.00002751', '0.10000000']"
902,['0.89015900']
903,"['0.10000000', '0.00022798']"
904,['0.35778690']
905,['1.00000000']
906,"['0.00140000', '0.10000000']"
907,"['0.00109231', '0.01267280', '0.03500000', '0.00190000']"
908,['0.10000000']
909,['0.05918260']
910,['0.01000000']
911,['0.12238403']
912,"['0.00040024', '0.35757815', '0.20000000', '0.00065515', '0.00465300', '0.10000000', '0.09237671', '0.02417890', '0.10000000', '0.10000000', '0.00000419', '0.22000000', '0.10000000', '0.10000000', '0.00019582']"
913,"['0.50000000', '0.00001947']"
914,"['0.01000000', '0.01000000', '0.00109998', '0.01536524', '0.47156697', '0.02000000']"
915,"['0.03180000', '0.00500000', '0.33706239']"
916,['1.00000000']
917,['0.00184884']
918,['0.20000000']
919,"['0.00250000', '0.00187459', '0.00164227']"
920,"['0.00300000', '0.00049659']"
921,['0.19699179']
922,['0.01000000']
923,"['1.00000000', '0.00001211', '0.50000000', '0.50000000']"
924,"['0.00003484', '1.00000000', '0.10000000', '0.89999118']"
925,"['0.02698796', '0.10000000', '0.99699119', '0.00311354', '0.00250000']"
926,['0.01000000']
927,"['0.00009146', '0.00888672']"
928,['0.01400000']
929,"['0.05000000', '0.00010000', '2.00000000', '0.00413017']"
930,['0.20000000']
931,"['0.09999529', '0.00003159']"
932,['0.39998570']
933,"['0.00040000', '0.00030000', '0.00001197', '0.00001663', '0.00015563', '0.00304100', '0.00010000', '0.00200000']"
934,"['0.00020000', '0.05420325', '0.00100000', '0.00024874', '0.01605900']"
935,"['0.01874801', '0.29997689']"
936,['0.28871938']
937,"['0.13871633', '0.01000000', '0.00010000', '0.88076713', '0.00199537', '0.00005675']"
938,['0.00238753']
939,"['0.01000000', '7.00000000', '0.20000000', '0.05149813']"
940,"['0.00046715', '0.00109998']"
941,"['0.00026568', '0.00020000', '0.00002992', '0.00001557']"
942,"['0.00100000', '0.00200000', '0.00049433', '0.00040000', '0.00261400', '0.00010325']"
943,"['0.00182338', '0.00005814', '0.00020000', '0.00170000', '0.00010000']"
944,"['0.00151700', '0.00361149', '0.00049433']"
945,"['0.10000000', '0.01000000', '0.00006025', '0.00011580', '0.07500000', '0.00600000', '0.01000000', '0.01000000', '0.00481303', '0.00313179', '0.03090429']"
946,['0.16100000']
947,['0.00696000']
948,"['0.00990000', '0.01000000', '0.01000000']"
949,"['0.00128379', '0.00675404', '0.00510000']"
950,['0.01000000']
951,['0.00102835']
952,['0.01138670']
953,"['0.00010058', '0.03599022', '0.00002132']"
954,"['0.00128160', '0.01700000', '0.00200000']"
955,"['0.00016927', '0.79005152']"
956,['0.17000000']
957,"['0.00100000', '0.05000000']"
958,"['0.00101012', '0.00005779', '0.00174795', '0.00651244', '0.38000000', '0.00090000', '0.02925000', '0.00090000', '0.00041201', '0.12877884', '0.04098009', '0.00012032', '0.02450000', '0.00350000', '0.01137520']"
959,['0.75068820']
960,"['0.00504473', '0.00300000']"
961,['0.00200000']
962,"['0.00060000', '0.00002682', '0.00090000', '0.00040000']"
963,"['0.00980000', '0.00003796', '0.20000000', '0.00800000', '0.04293553', '0.01193749', '0.00460319', '0.00100000', '0.01700000', '0.00471666']"
964,['5.00000000']
965,['0.50000000']
966,['0.18368062']
967,"['0.49154289', '0.01480000', '6.91148168']"
968,['0.00124353']
969,['0.00263446']
970,['0.10000000']
971,['0.00500000']
972,['0.50000000']
973,['0.18253598']
974,"['0.00023241', '0.00146281']"
975,['0.00077102']
976,"['0.13000000', '0.00021734']"
977,['0.09592132']
978,['0.20000000']
979,['0.70000000']
980,"['0.01000000', '0.00200000']"
981,['0.49753315']
982,['0.14400000']
983,['0.11387474']
984,"['0.00008067', '0.80000000', '0.10000000', '0.10000000', '0.00020000']"
985,['4.79996782']
986,['0.15000000']
987,['4.58992772']
988,"['6.89770751', '0.01000000', '0.13253443']"
989,['0.17135569']
990,['0.04562419']
991,"['0.00200000', '0.00100000', '0.00986196', '0.50000000', '0.00090000', '0.01000000', '0.02503881', '0.00500000', '0.00049737', '0.00015365', '0.00300000', '0.00841222', '0.00043164', '0.00000422', '0.02490000', '0.00011261', '0.01000000', '0.00200000', '0.00001000', '0.01090000', '0.00200000', '0.00277635', '0.01000000', '0.00900000', '0.00300000']"
992,"['0.00150000', '0.00200000', '0.00020000']"
993,"['0.02159315', '0.01000000']"
994,"['0.30000000', '0.00006240', '0.00562834', '0.00006518', '0.00158816', '0.02600000']"
995,"['0.02227000', '0.01726000']"
996,"['0.12587722', '0.00952339']"
997,['0.02000000']
998,['0.09375424']
999,['0.06874310']
1000,"['0.19886160', '0.01050000', '0.00005039', '0.17104719', '0.01000000', '0.12015182', '0.00100000', '0.00868103', '0.16249475', '0.16899267', '0.24560000', '0.10000000', '0.00373851']"
1001,"['1.00000000', '0.25000000']"
1002,"['0.00010000', '0.01000000', '0.02000000']"
1003,"['0.00105316', '0.00009274', '0.00039408', '0.50000000', '0.00035236', '0.49262198', '0.00550000']"
1004,"['0.03000000', '0.38995922', '6.28921212']"
1005,"['0.05395047', '0.04980000', '0.30020000', '0.00605000', '0.00229502', '0.12000000', '0.00317163', '0.50000000', '0.00040000', '0.05000000', '0.05000000', '0.09980000']"
1006,"['0.20000000', '0.09990000', '0.05000000', '0.00832579', '0.10000000', '0.33321095']"
1007,"['0.00100000', '0.10020000', '0.00141729', '0.00980000', '0.02279738']"
1008,"['0.00041902', '0.01000000']"
1009,['0.79980000']
1010,['0.00500000']
1011,['0.10000000']
1012,"['0.07760600', '0.00950000']"
1013,"['0.19980000', '0.00041097']"
1014,['0.49979507']
1015,"['0.00080000', '0.01000000', '0.16511500', '0.01170000', '0.01161237', '0.30000000', '0.00090000']"
1016,"['0.01799747', '0.07659229', '0.01000000', '0.01547671', '0.02800000', '0.03331553', '0.00399637', '0.03381100', '0.01123042', '0.00980000', '0.01000000', '0.08767331', '0.00008020', '0.05898124', '0.10318691']"
1017,"['0.00020000', '1.00000000']"
1018,"['0.44311822', '0.02343072', '0.00232623', '0.00009231', '0.00020293', '0.02480000']"
1019,['5.21580966']
1020,['0.00124904']
1021,"['0.00003354', '1.00000000', '1.00000000']"
1022,"['0.00504966', '0.00510844', '0.00093574', '0.00002352', '0.00200000']"
1023,['0.00758195']
1024,['0.09853505']
1025,"['0.00147623', '0.02364371', '0.00017838']"
1026,"['0.00006770', '0.01000000', '0.03000000', '0.01000000', '0.01503822', '0.00020000', '0.03992205', '0.00980000', '0.01000000']"
1027,['3.58979485']
1028,"['0.00117655', '0.01000000', '0.00900000', '0.01000000', '0.02000000', '0.00980000', '0.00064358', '0.00980000', '0.00980000', '0.01980000', '0.00000654']"
1029,"['0.01000000', '0.00015752']"
1030,"['0.02000000', '0.00015139']"
1031,"['0.00300000', '0.00076624', '0.00017589', '0.00117369']"
1032,"['0.20000000', '0.01083340', '0.00980000', '0.03757859', '0.08681700', '0.00500000']"
1033,"['0.00180000', '0.00050000', '0.00090000']"
1034,"['0.00032740', '0.00008594', '0.05000000', '0.00040120', '0.01990000', '0.00256959', '0.00140000', '0.01300000', '0.00270885', '0.00029537', '0.00014587']"
1035,"['0.20000000', '0.02822134', '0.30000000', '0.30000000', '0.00424702', '0.01196017', '0.02100000', '0.02599250', '0.01000000', '0.09880000']"
1036,"['0.08221653', '1.00000000', '0.10029667', '1.00000000', '0.10000000', '0.04980000', '0.19980000', '3.38663781', '1.00000000', '0.09980000', '0.10000000', '0.10980000', '0.09980000', '0.04980000', '0.01476350', '0.04359084', '0.08775301', '0.05000000', '0.03004103', '0.01500000', '0.16241314', '0.99980000', '0.20000000', '1.00000000', '0.05537265', '0.10980000', '0.14610000']"
1037,"['0.00175694', '0.00329542', '0.02000000']"
1038,['0.01306679']
1039,"['0.06926167', '0.00100000', '0.04980000', '0.00080000', '0.00003939', '0.29250027', '0.00980000', '0.02850319', '0.13077015', '0.00200000', '0.03000000']"
1040,"['0.04980000', '0.10980000', '0.18832751', '0.20020000', '0.02000000', '0.02000000', '0.02000000', '0.25000000', '0.01874815', '0.05247272', '0.04589358', '1.00000000', '0.02500000']"
1041,"['0.01477926', '0.00400000', '0.00405263']"
1042,"['0.00967810', '0.00289586']"
1043,"['0.00075000', '0.01000000', '0.00416276']"
1044,"['0.00200000', '0.00008568']"
1045,['1.00000000']
1046,['1.00000000']
1047,['0.00253973']
1048,"['1.00000000', '0.03000000']"
1049,['0.21660634']
1050,['0.07852715']
1051,['0.10000000']
1052,['0.00615203']
1053,['0.10000000']
1054,['0.03000000']
1055,['0.10193901']
1056,"['0.11929092', '0.03330000', '0.07049051']"
1057,['0.10000000']
1058,"['0.29996433', '1.00000000', '2.00000000', '5.17060726', '0.02480000', '0.49300001', '0.00159485', '1.00000000', '0.00007753', '0.01000000']"
1059,"['0.00100000', '0.00114808']"
1060,"['0.00000656', '0.00003800', '0.00100000', '0.00780000', '0.00100000', '0.00020000', '0.00300000', '0.00100000', '0.00500000', '0.00021971', '0.03000000', '0.00020000', '0.00210000', '0.00100000']"
1061,"['0.00106800', '0.00160429']"
1062,"['0.01101223', '0.00943345', '0.01000000', '0.00566325', '0.04980000', '0.00282103', '0.00912544', '0.20000000', '0.00380397', '0.00066429', '0.20000000']"
1063,['0.01787000']
1064,"['0.02000000', '1.00000000', '1.00000000', '0.10000000', '1.00000000', '0.07600121', '0.02900000', '0.05000011', '0.05000000', '0.03722389', '0.10000000', '0.01114820', '0.00980000', '0.09552025', '0.01890000', '1.00000000', '0.04241640', '0.02235500', '0.12260565', '0.13965853', '0.20000000', '0.00030162', '0.10000000', '0.08496341', '1.00000000', '0.15000000', '0.05125788', '0.08987728', '0.05000000', '0.05000000', '0.01000000', '1.00000000', '1.00000000', '0.00190000', '0.01907294', '0.19959517', '0.06850189', '1.00000000']"
1065,"['0.05000000', '1.00000000', '0.20000000', '0.00469374', '0.07513130', '0.01000000', '0.02500000', '0.01000000', '0.05000000', '0.14980000', '0.02579691', '2.00000000', '0.00000662', '1.00000000', '0.05000000', '1.00000000', '1.00000000', '0.90299886', '0.01000000', '0.97727297', '1.00000000', '1.00000000', '0.05604640']"
1066,"['0.00974032', '0.01000000']"
1067,['0.02093440']
1068,['1.00000000']
1069,"['0.00082861', '0.09950000']"
1070,"['0.02633370', '0.59669371', '0.07997950', '0.02640444', '0.00873450', '1.00000000', '0.01000000', '1.00000000', '0.00100010', '1.00000000', '1.00000000', '0.01318572', '0.02000000', '0.00200000', '1.00000000', '0.00031541', '1.00000000', '0.07611698', '1.00000000', '0.12782742', '0.00149226', '0.01000000', '1.00000000', '1.00000000']"
1071,['0.00236500']
1072,"['0.07000000', '0.00300000', '0.12000000', '0.02490000', '0.07154012', '0.00083714', '0.00980000']"
1073,['0.02000000']
1074,['1.00000000']
1075,['0.05314114']
1076,"['0.00005427', '0.00142000', '0.00250000', '0.00954626', '0.00650000']"
1077,"['0.00638039', '0.00300000']"
1078,"['0.00658691', '0.00006676', '0.01062925', '0.02000000', '0.00080000', '0.04193715', '0.03000000']"
1079,"['0.01000000', '0.19980000', '0.01000000', '0.46625796', '0.06000000', '0.10536069', '0.00370001', '0.00200000', '0.01000000', '1.99980000', '0.03330884', '0.09980000']"
1080,"['0.00163400', '0.00240800', '0.00239000', '0.01153496', '0.05050000', '0.01000000', '0.00500000', '0.03415435', '0.02997500', '0.23733802', '0.00800000', '0.00220000', '0.00242043', '0.00327807']"
1081,"['0.00090000', '0.00271000']"
1082,['0.01086349']
1083,"['0.00050151', '0.04980000']"
1084,['0.76488776']
1085,"['0.01980000', '0.10000000', '0.00485791', '0.00410000']"
1086,['0.00200000']
1087,"['1.00000000', '0.00442800', '1.00000000', '0.00019563', '1.00000000', '0.01413741', '0.02000000', '1.00000000', '4.00000000', '0.61487346', '0.02435460', '1.29980000', '0.02226075']"
1088,"['0.00483401', '0.00477995', '0.00159673']"
1089,"['0.00200000', '0.00300000']"
1090,"['0.00700000', '0.00300000', '0.01706012', '0.00300000', '0.00020000', '0.00500000', '0.00099151', '0.00980000', '0.00900000', '0.00006760']"
1091,"['0.01980000', '0.49980000', '0.01000000', '0.04803029', '0.00500000', '0.01000000', '0.10593467', '0.20000000', '0.02452904', '0.00500100', '0.07193097']"
1092,"['0.00980000', '0.01980000']"
1093,"['0.11839253', '0.03000000', '0.00718435']"
1094,"['0.19980000', '0.00046622', '0.00184189']"
1095,"['0.01000000', '0.00594402']"
1096,"['0.09365963', '0.00513381']"
1097,"['0.04000000', '0.13870136']"
1098,['1.00000000']
1099,['0.00078426']
1100,['0.03000000']
1101,"['0.00280000', '0.00769295', '0.00500000', '0.05000000', '0.00479250', '0.05929177', '0.00079000', '0.05000000', '0.60547543', '0.00009491', '0.00500000', '0.00010000', '0.00499108', '0.05000000', '0.05000000', '0.00400000']"
1102,"['0.00057572', '0.02354742', '0.00643966']"
1103,"['0.03000000', '0.30000000', '0.00534479', '0.05000000', '0.08203729', '0.09980000', '0.02980000', '0.10000000', '0.15065739', '0.15238910', '1.00000000']"
1104,"['0.10000000', '0.00014694']"
1105,"['0.01239311', '0.10000000', '0.25000000', '0.20000000', '0.20000000', '1.00000000', '0.15900000', '0.35841291', '0.02000000', '0.10000000', '0.10023970']"
1106,"['0.09980000', '0.00019128', '0.00003251']"
1107,"['0.00500000', '0.03645811', '0.04747202', '0.00500000', '0.00486200', '0.01239311', '0.00006323', '0.00055238', '0.00250000', '0.09872398']"
1108,"['0.00100000', '0.03452679']"
1109,"['0.00488800', '0.11212045', '0.02144134', '0.01039377', '0.02035176', '0.00485800', '0.07958016', '0.00001421', '0.09980000', '0.03530900', '0.46301667', '0.03987601', '0.00041771', '0.09980000']"
1110,"['0.10000000', '0.12457970', '0.00977600', '0.20000000']"
1111,['0.00174235']
1112,"['0.00500000', '0.00566000']"
1113,"['0.40000000', '0.08689677', '0.28000000', '0.01988849', '0.09695200', '0.00150000', '0.09000000', '0.01000000', '0.01500000']"
1114,['0.00100000']
1115,['1.00000000']
1116,['0.16980000']
1117,"['1.00000000', '1.00000000', '1.00000000', '1.00000000', '1.00000000', '1.00000000', '1.00000000', '1.00000000', '1.00000000', '0.00010000', '1.00000000', '1.00000000', '1.00000000', '0.00035780']"
1118,"['1.00000000', '1.00000000', '0.89990000', '1.00000000', '1.00000000', '1.00000000', '0.11000000', '0.12499069', '3.78818511', '0.04862316', '0.02841245']"
1119,"['0.49980000', '0.20000000', '1.00000000', '1.00000000']"
1120,['0.09965000']
1121,['1.00000000']
1122,"['1.00000000', '0.98886745', '1.00000000', '1.00000000', '0.99827110', '1.00000000', '1.00000000', '0.00124691', '1.00000000', '1.00000000', '1.00000000', '0.01206145']"
1123,['0.24310000']
1124,['1.00000000']
1125,"['0.00100000', '0.03182104', '0.12617639', '0.00557293', '1.00000000', '1.00000000', '1.00000000', '1.00000000', '0.01077770', '0.01275753', '0.00078758', '0.01000000', '1.00000000', '0.00639655', '1.00000000', '1.00000000', '0.00127162', '0.00100000', '1.00000000', '0.00153852', '0.09000000', '0.69994977', '0.00100000', '1.00000000']"
1126,['0.00200000']
1127,"['0.00090000', '0.00700000', '0.00970000', '0.00255240']"
1128,"['0.02000000', '0.00014416', '0.02000000']"
1129,"['0.01498142', '0.00013794', '0.11538477', '0.06953883']"
1130,"['0.02000000', '0.05991520']"
1131,"['0.02000000', '0.00003400']"
1132,['1.00000000']
1133,"['0.02080000', '0.00002573', '0.01761853', '0.00480000', '0.00488000', '0.00243072', '0.00102625', '0.00200000', '0.01398715', '0.00030000', '0.01193343', '0.00349201', '0.01000000', '0.01273757']"
1134,['0.25000000']
1135,"['0.30000000', '0.00046222', '0.00096690', '0.09900000', '0.09940000']"
1136,"['0.02825663', '0.01984059', '0.00500000']"
1137,"['0.10182057', '0.02500000', '0.00009090', '0.01230000', '0.00100000', '0.00001000', '0.00980000']"
1138,['1.00000000']
1139,"['0.02480000', '0.02000000', '0.00040000']"
1140,"['0.04444000', '0.04900000', '0.20826948', '0.01720377', '0.03000000', '0.04980000', '0.02532707', '0.00600000', '0.00018773', '0.06980000']"
1141,['0.79999229']
1142,['0.35802358']
1143,"['0.69973708', '0.00200000', '0.06382000', '0.00204300', '0.15600000', '0.09984789']"
1144,"['0.00466722', '0.00113456']"
1145,"['0.12210000', '0.00296620', '0.05000000']"
1146,"['0.04000000', '0.01200000', '0.00800000']"
1147,"['0.00014936', '0.00588076', '0.10000000', '0.00179231', '0.00219000', '0.00010646', '0.10000000']"
1148,"['0.02795571', '0.09980000']"
1149,['0.00199840']
1150,"['0.00346000', '0.00536668', '0.00234769', '0.00099303', '0.01000000', '0.00490000', '0.00200000', '0.00250820', '0.00027525', '0.00234461', '0.09980000', '0.00006096', '0.00032609', '0.00005632']"
1151,"['0.00124378', '0.20980000']"
1152,['1.00000000']
1153,"['0.02000000', '0.01230000', '0.00200000', '0.01378191', '0.00100000', '0.00093716']"
1154,['0.14980000']
1155,"['0.20000000', '0.00500000', '0.25000000', '1.00000000', '0.30000000', '0.06480000', '0.40000000', '0.01405811', '0.10000000', '0.00746709', '1.00000000', '0.00820001', '0.44602922', '0.27143987', '0.20000000', '0.22980000', '0.13120000', '0.01180000', '1.00000000', '0.29998005', '0.05500000', '0.12240000', '0.19980000', '0.23739250', '0.98999245', '0.01000000', '0.35188118', '0.00237209', '0.97998600', '0.19980082', '0.00222000', '0.97960045']"
1156,"['0.00080000', '0.00500000', '0.00012500', '0.00500000', '0.00275349', '0.05560000', '0.00237113', '0.10800828', '0.07013257', '0.00123900']"
1157,"['0.09987200', '0.11978896', '0.00980000', '0.50000000', '0.15175536', '0.02000000', '0.09880505']"
1158,"['0.00198862', '0.02585400', '0.11000000', '0.15460000', '0.04900000', '0.06856979']"
1159,"['0.24898989', '0.00248236']"
1160,"['0.00990000', '0.00146612']"
1161,['0.09760130']
1162,"['0.00336208', '0.01000000', '0.00328176', '0.01980000', '0.02000000', '0.09980000', '0.10000000', '0.10299193', '0.09980000']"
1163,"['0.10000000', '0.20000000']"
1164,"['1.00000000', '0.00085842', '1.00000000', '1.00000000', '0.32457975', '0.01000000', '1.00000000', '1.00000000', '1.00000000', '1.00000000', '1.00000000', '0.02000000', '0.39950000', '0.01031462', '0.06000000', '0.02500000', '1.00000000', '0.14980000']"
1165,['0.02500000']
1166,"['0.59508045', '0.20494035']"
1167,"['0.00235605', '0.09980000']"
1168,['0.01000000']
1169,['0.03813342']
1170,"['1.00000000', '0.01928926', '1.00000000', '0.05650000', '1.00000000', '0.08698844', '0.00498895', '0.42108651', '0.09950000', '0.01874563', '0.10000000', '0.08358372', '1.00000000', '0.10000000', '1.00000000', '1.00000000', '1.00000000', '0.00005450', '1.00000000', '1.00000000', '0.00930539', '0.00001335']"
1171,['0.13000000']
1172,['0.15240000']
1173,['0.00205048']
1174,['0.10000000']
1175,['0.24583576']
1176,"['0.00022776', '0.00044491', '0.00199539']"
1177,['0.00091222']
1178,"['0.00100000', '0.01920000', '0.00068543', '0.04065270']"
1179,"['0.20000000', '0.05000000', '0.05000000', '0.00015817']"
1180,['0.01535000']
1181,"['0.00001598', '0.00024385']"
1182,"['0.05000000', '0.00002506', '0.03000000']"
1183,['1.00000000']
1184,"['0.11000000', '0.00100000', '0.01000000', '0.00004443']"
1185,['0.00187420']
1186,"['0.01549907', '0.09900000', '0.22541136', '0.13000000', '1.10000000', '0.11064135', '0.04490000', '0.02457545', '0.05000000']"
1187,['0.00242834']
1188,['0.00086746']
1189,"['0.19935080', '1.00000000', '0.02109705', '0.00972800']"
1190,['0.01899490']
1191,['0.13000000']
1192,['0.25000000']
1193,"['0.01593509', '0.99000000', '1.00000000', '1.00000000', '1.00000000', '1.00000000', '0.50000000', '1.00000000', '1.00000000', '1.00000000', '0.49445951', '1.00000000']"
1194,['1.00000000']
1195,['0.01295334']
1196,['0.02573871']
1197,['0.19980000']
1198,['0.59990000']
1199,"['1.00000000', '0.00033852']"
1200,['0.12944695']
1201,['0.09988041']
1202,['1.00000000']
1203,['0.00541858']
1204,['0.17561279']
1205,"['0.31980000', '0.40383501']"
1206,['0.12140617']
1207,"['0.09980000', '0.00028187', '0.89999202']"
1208,['1.00000000']
1209,"['0.04992835', '0.01010000', '0.44000000', '1.00000000', '1.00000000', '0.00002914', '1.00000000']"
1210,['0.00122900']
1211,['1.00000000']
1212,['0.14980000']
1213,"['0.25000000', '0.00100000', '0.00792614', '0.09745013']"
1214,"['0.00055044', '0.00021249', '0.00041485']"
1215,"['0.01300000', '0.00016810', '0.00100000', '0.00486200']"
1216,"['0.01503529', '0.00137314', '0.00695500', '0.00676000', '0.00982000', '0.01550000', '0.02618522', '0.00730000', '0.00129332', '0.00001931', '0.00978276']"
1217,"['0.00860000', '0.01174091']"
1218,"['0.01004590', '0.00023558']"
1219,"['0.01952945', '0.00200000', '0.00400000', '0.00531291', '0.01154217', '0.00980000', '0.01470000', '0.62648138', '0.00900000', '0.00017538', '0.04348431', '0.00400000']"
1220,['0.01082713']
1221,['0.00100000']
1222,"['0.00248100', '0.00200000', '0.00070000']"
1223,"['0.00004423', '0.00014788', '0.00571685', '0.02000000', '0.05076667', '0.01158381', '0.02176452']"
1224,['0.01220000']
1225,['0.02000000']
1226,['0.00578127']
1227,"['0.00067202', '0.12380000', '0.02000000', '0.02400000', '0.13980000', '0.04980000']"
1228,['0.02478683']
1229,"['0.34649725', '0.00020000', '0.11275412', '0.04980000', '0.07768483', '0.01580712']"
1230,['0.00070000']
1231,['0.01080000']
1232,['0.01095000']
1233,"['0.12486811', '0.05493270', '0.09175462', '1.00000000', '0.10980000', '0.61967894']"
1234,"['0.69997068', '0.05173901', '0.00084457', '0.04444000', '0.00238989', '0.00025856', '0.00500000', '0.08640000', '0.12038121', '0.00034433', '0.00069537', '0.04945491', '0.00046731', '0.03765301']"
1235,"['0.00478110', '0.10180000', '0.36614607']"
1236,['0.20000000']
1237,['0.16949667']
1238,"['0.09141878', '0.11900000', '0.10682470', '0.19400000', '0.01156610', '0.50180000', '0.07541837']"
1239,['0.08597843']
1240,"['0.01190000', '0.00970326', '0.17458596', '0.00400000']"
1241,"['0.00051722', '0.00900000', '0.15328582']"
1242,['0.09980000']
1243,['0.05779429']
1244,['0.05179028']
1245,['0.37353824']
1246,"['0.00022982', '0.19980000']"
1247,"['0.02000000', '0.00002213', '0.28000000']"
1248,"['0.00400000', '0.00001413', '0.04178280', '0.09999116', '0.00200000', '0.00174901', '0.00069000', '0.19980000', '0.15000000']"
1249,"['0.34691371', '0.97788365', '0.10000000']"
1250,['0.00500000']
1251,['0.38324317']
1252,['0.00089721']
1253,"['0.00245092', '0.01000000', '0.00017909', '0.00049145']"
1254,['0.00700000']
1255,"['0.00980000', '0.00379245', '0.00802729']"
1256,"['0.00098882', '0.00990000', '0.00000744', '0.01090000', '0.01590000', '0.00245092', '0.04707535', '0.01280000']"
1257,['0.92478642']
1258,['0.49940000']
1259,['0.00980000']
1260,"['0.07428000', '1.10000000', '0.07418795', '1.00000000', '1.00000000', '0.49980000', '0.03000000', '3.00000000', '1.00000000', '0.00578517', '1.00000000', '0.21600492', '1.00000000']"
1261,"['0.10000000', '0.10000000', '0.87493235', '0.09980000', '0.20000000', '0.09980000', '0.00010902', '0.48738291', '0.47500000', '1.00000000', '0.09980000', '0.19000000', '0.00245092', '0.08580000', '0.20000000', '0.27222941', '0.30000000', '0.30194422', '1.00000000', '0.22654017', '0.50000000', '0.20000000', '0.15870000', '1.00000000', '0.15000000', '0.07105727', '0.09880000', '0.99188883', '0.50000000', '0.10000000', '0.14879103']"
1262,"['0.00100000', '0.00100000', '1.00000000', '0.14850000', '1.00000000', '0.04580000', '1.00000000', '0.10000000', '1.00000000', '1.00000000', '1.00000000', '0.10980000', '0.03497912', '1.00000000', '0.10980000', '1.00000000', '0.09980000', '0.34938964', '1.00000000']"
1263,"['1.00000000', '0.20000000', '0.50000000', '1.00000000', '0.02040580', '1.00000000', '1.00000000', '1.00000000', '1.00000000', '1.00000000', '0.00980000', '1.00000000', '0.26986020', '1.00000000']"
1264,"['0.34581988', '1.00000000', '1.00000000', '1.00000000', '0.10880000', '0.33100000', '0.18838022', '1.00000000', '1.00000000', '0.49855034', '0.10000000', '0.30000000', '0.24310000', '1.00000000', '1.00000000', '0.28230226', '0.99999000', '0.10000000']"
1265,['0.09980000']
1266,"['0.14980000', '1.00000000', '0.19980000', '0.89477890', '0.69980000', '0.00523370', '0.01000000', '0.02500000', '0.10000000', '1.00000000', '1.00000000', '1.00000000', '0.00100000', '1.00000000', '0.05580000', '0.17352942', '0.59525909', '1.00000000', '0.00024965', '0.98980000', '0.10000000']"
1267,"['1.00000000', '1.00000000', '1.00000000', '1.00000000', '0.15000000', '0.28980000', '1.00000000', '0.09479457', '1.00000000', '1.00000000', '1.00000000', '1.00000000', '0.49790036']"
1268,"['1.00000000', '1.00000000', '1.00000000', '1.00000000', '1.00000000', '1.00000000', '0.03246379', '1.00000000', '1.00000000', '1.00000000', '1.00000000']"
1269,"['1.00000000', '1.00000000', '1.00000000', '1.00000000', '1.00000000', '0.03242536', '1.00000000', '1.00000000', '1.00000000', '1.00000000', '1.00000000']"
1270,['1.00000000']
1271,"['0.00248385', '0.00224691', '0.01437000', '0.01067742', '0.00230000']"
1272,['0.03240257']
1273,['0.00197349']
1274,['0.00176551']
1275,['1.00000000']
1276,['0.00160000']
1277,"['1.00000000', '0.00010000']"
1278,['1.00000000']
1279,"['1.00000000', '0.29980000', '0.19490000', '1.00000000', '0.20000000', '1.19500000', '2.13000000', '0.00150965', '1.00000000', '1.00000000', '0.97896782', '1.00000000']"
1280,"['1.00000000', '0.98995922', '1.00000000', '0.00074900', '0.95999261', '1.00000000', '1.00000000', '1.00000000', '0.04950000', '1.00000000', '1.00000000', '1.00000000']"
1281,"['0.20000000', '1.00000000', '1.00000000', '0.00100000', '1.00000000', '1.00000000', '1.00000000', '0.01980000', '0.01739520', '1.00000000', '1.00000000', '0.20000000', '0.55934072', '1.00000000', '0.00255340', '1.00000000']"
1282,"['0.00053089', '1.00000000', '1.00000000', '1.00000000', '0.00389200', '0.00235000', '0.00010000', '0.10000000', '0.00056813', '1.00000000', '0.01587348', '0.00057721', '1.00000000', '0.00100000', '0.00070137', '0.20000000', '0.05980000', '0.08230100', '0.52980000', '1.00000000', '1.00000000', '0.00036802', '0.00010839', '1.00000000', '0.00032190', '0.00178000', '1.00000000']"
1283,"['1.00000000', '0.01980000', '1.00000000', '0.03829000', '0.01500000', '1.00000000', '1.00000000', '1.00000000', '0.00139800', '0.01000000', '0.02000000', '1.00000000', '0.01480000', '0.04940000', '1.00000000', '1.00000000', '0.00100000', '0.16348663', '0.00500000', '0.01000000', '1.00000000', '0.02000000', '1.00000000']"
1284,"['0.00206015', '0.36812348', '0.01000000', '0.01500000', '0.00489000']"
1285,"['1.00000000', '0.00450000', '0.00111859', '1.00000000', '1.00000000', '0.01297300', '1.00000000', '1.00000000', '1.00000000', '0.00940887', '1.00000000', '1.00000000', '1.00000000', '0.00655797', '0.04950000', '1.00000000']"
1286,"['1.00000000', '0.02000000', '1.00000000', '1.00000000', '0.00006307', '1.00000000', '0.00873884', '0.01924280', '1.00000000', '0.00216700', '0.10000000']"
1287,"['0.00500000', '0.03000000', '0.02229163', '0.00299640', '0.05000000']"
1288,['0.08402956']
1289,"['0.00027113', '0.00989000']"
1290,['0.05402001']
1291,['0.04401347']
1292,['1.00000000']
1293,"['0.14998952', '1.00000000']"
1294,['0.64998149']
1295,['0.54987138']
1296,"['0.01093439', '0.00237700', '0.04986545', '0.01863184', '0.01868953']"
1297,['0.20000000']
1298,"['0.00038381', '0.00011337', '0.09979677']"
1299,"['0.00980000', '1.00000000', '0.03277123']"
1300,"['0.00008710', '1.00000000']"
1301,['1.00000000']
1302,"['0.00006905', '1.00000000']"
1303,"['0.00239200', '0.40000000', '0.00147500', '0.02400676', '0.00015325', '0.00980000', '0.00420336', '0.00510000', '0.01111000', '0.01000000', '0.01000000', '0.00200000', '0.00980000', '0.01000000']"
1304,['0.04310000']
1305,"['0.05000000', '0.00005600']"
1306,"['0.00004837', '0.05000000']"
1307,"['0.00300000', '0.01733093', '0.00100000']"
1308,"['0.00004224', '0.50000000', '1.00000000']"
1309,"['0.00020876', '0.01490000', '0.98498776']"
1310,"['0.01590000', '0.00809256']"
1311,['0.11000000']
1312,"['0.00989599', '0.00980000', '0.00990000']"
1313,['0.04990144']
1314,['0.98749286']
1315,['0.21090857']
1316,['0.05500000']
1317,['0.39980000']
1318,['0.15047235']
1319,"['0.01879499', '0.02347647', '0.00499160', '0.00298602']"
1320,['0.05026476']
1321,"['0.00008705', '1.00000000']"
1322,"['0.50389609', '1.00000000', '0.01090000', '0.01000000']"
1323,['0.17701170']
1324,['0.03045939']
1325,"['0.00007625', '0.00201843', '0.00035440', '0.00458508']"
1326,['0.02540678']
1327,"['0.40000000', '0.09980000', '0.02080000', '0.01650813', '0.20000000', '0.02039985', '0.00017132', '0.02080000', '0.00227628', '0.00200000', '0.12980000', '0.58748404']"
1328,"['1.00000000', '0.00002508']"
1329,['1.00000000']
1330,"['0.20000000', '0.00001660']"
1331,"['0.00240700', '0.01178995', '0.39980000', '0.12690765', '0.01178995', '0.02000000', '0.01090000', '0.00100000', '0.05000000', '0.24080000', '0.09980000', '0.12480000', '0.00013659']"
1332,['0.01890000']
1333,"['0.00009500', '0.20000000', '0.50000000', '0.00000831', '0.00716963', '0.16394882', '0.12980000']"
1334,"['0.00389450', '0.09990000', '0.03728000', '0.03326305', '0.02573100']"
1335,"['0.01305858', '0.00499000', '0.00300000']"
1336,['0.28980000']
1337,"['0.00350000', '0.52478249']"
1338,"['0.00016598', '0.00005604', '0.00093486', '0.09980000', '0.12827093', '0.19990000', '0.01000000', '0.06090000']"
1339,"['0.03730062', '0.18959286', '0.02265984', '0.02000000', '0.02000000', '0.10000000']"
1340,"['0.00321697', '0.00200000']"
1341,['0.02880000']
1342,"['0.00250000', '0.30000000']"
1343,['0.02378866']
1344,['0.01710779']
1345,"['0.00246397', '0.00011635', '0.00014296', '0.00641029', '0.01017915', '0.00250000', '0.23851867', '0.12980000', '0.00009976', '0.10980000']"
1346,"['0.00210316', '0.03990000']"
1347,"['0.00100000', '0.00003592']"
1348,"['0.00102990', '0.00090000', '0.00190000', '0.00505000', '0.00102915']"
1349,"['0.00002807', '0.30000000', '0.27248256', '0.00800000', '0.00005606', '0.00009602', '0.00248385', '0.01697676']"
1350,"['0.10000000', '0.01803167', '0.10000000', '0.01900000']"
1351,['0.02000000']
1352,"['0.05000000', '0.01000000', '0.01499476', '0.39999245', '0.02500000', '0.50003236', '0.10000000']"
1353,"['0.00019324', '0.20000000']"
1354,"['0.00383600', '0.00490000', '0.00200000']"
1355,['0.05000000']
1356,['0.00500000']
1357,"['0.00008634', '0.00299436']"
1358,['0.00890000']
1359,"['0.00007163', '0.00154701', '0.00072303', '0.01667323']"
1360,['0.01480000']
1361,"['0.02565000', '0.02204122']"
1362,"['0.01058463', '0.00043503', '0.00000772', '0.02998784']"
1363,['0.35889726']
1364,['1.00000000']
1365,['0.00544039']
1366,['0.94235060']
1367,['0.01980000']
1368,['0.28980000']
1369,['0.03600000']
1370,['0.13091746']
1371,['0.00300000']
1372,"['0.02094695', '0.00062000', '0.05000000', '0.02880000']"
1373,['0.10746152']
1374,"['0.00570394', '0.99123597', '0.00323000']"
1375,['0.09320465']
1376,['0.06900000']
1377,['0.03121933']
1378,['1.00000000']
1379,['1.00000000']
1380,"['0.00006401', '1.00000000']"
1381,['0.09980000']
1382,"['0.02641225', '0.00045366', '0.00045000', '0.00039016', '0.00289275', '0.00027186', '0.22980000', '0.00500000', '0.00100000', '0.00069675', '0.00300000', '0.00074827']"
1383,"['0.00109917', '0.22375496', '0.00975556', '0.00001552', '0.00100000', '0.00266500', '0.00011289', '0.01000000', '0.00500000', '0.00343578', '0.02812079', '0.01108274', '0.00200000']"
1384,"['0.01234347', '0.01000000', '0.09239622', '0.30888989', '0.03918844', '0.01500000', '0.01500000', '0.01480000', '0.00290000']"
1385,"['0.03000000', '0.00432342', '0.04978600', '0.01600000']"
1386,['0.00234000']
1387,"['0.01010000', '0.05000000']"
1388,['0.00779573']
1389,"['0.30000000', '0.02490000', '0.05800000', '0.05300000', '0.00123540', '0.00090000', '0.02617595', '0.00009501', '0.01000000', '0.00353000', '0.02229000']"
1390,['0.00269125']
1391,['0.00168717']
1392,['0.01480000']
1393,"['0.02555762', '0.05400000', '0.00130000', '0.00070000', '0.00121423']"
1394,['0.02236667']
1395,"['0.00272569', '0.00469606']"
1396,"['0.02613000', '0.02430000', '0.01008313', '0.00020000', '0.08900000', '0.04000000', '0.00031155', '0.01000000']"
1397,"['0.00459620', '0.00569300']"
1398,['0.00228382']
1399,"['1.00000000', '0.08466494', '1.80000000', '0.05000000', '0.05000000', '0.06114131', '0.00018250', '0.00008019', '1.00000000', '1.00000000', '1.00000000', '1.00000000', '0.53161757', '0.06655508', '0.00027836', '0.04096000', '0.01200000', '0.00078235', '1.00000000', '1.29980000', '0.00200000']"
1400,"['0.34980000', '0.04405974', '0.10000000']"
1401,['0.00300000']
1402,['0.10623282']
1403,['0.17600000']
1404,['0.98028981']
1405,['0.87229349']
1406,['0.10687014']
1407,['0.00033400']
1408,"['0.06600000', '0.49980313']"
1409,"['0.00080000', '0.00167358']"
1410,"['0.01386116', '0.01668292', '0.01000000', '0.01000000', '0.20000000', '0.00002515', '0.02000000', '0.00200000', '0.00980000', '0.00500000', '0.05000000', '0.00200000', '0.01066871']"
1411,"['0.04898526', '0.00549326', '0.02766069', '0.02851596', '0.00249650', '0.10686481']"
1412,"['1.00000000', '0.15000000', '0.47025474', '0.49950000', '0.13398342', '0.25000000', '0.20000000', '0.49980960', '0.50000000', '0.19980124', '0.89995391', '0.09685790', '0.09979563', '0.76227557', '0.57980000']"
1413,"['0.12500000', '0.11996000', '0.09980000', '0.11980000', '0.03000000', '0.06578713', '0.00006238', '0.93962727']"
1414,['0.16980000']
1415,"['0.10000000', '0.19980000', '0.49000000', '0.30000000', '0.72000000', '0.26980000', '0.81102960', '0.25980000', '0.19980000', '0.05000000', '0.06599229', '0.30000000', '0.01500000', '0.20956149', '0.49980000', '0.50300000', '0.24385342']"
1416,"['0.01000000', '0.05000000', '0.02000000', '0.00036415']"
1417,['0.03739151']
1418,"['0.01000000', '0.00100000', '0.04130000']"
1419,"['4.00000000', '0.22195400', '0.50979936', '0.00070000', '0.00250456']"
1420,"['0.00406000', '0.10000000', '0.00028987', '0.10000000']"
1421,"['0.02000000', '0.00350000', '0.19980000', '0.00070000', '0.15949118', '0.00150000', '0.00035264', '0.01480000']"
1422,"['0.00001363', '0.01000000']"
1423,"['0.01653850', '0.03735026', '0.00002127']"
1424,['0.00672938']
1425,['0.00990000']
1426,['0.70000000']
1427,"['0.02440000', '0.02103066', '0.00012464', '0.01480000', '0.03000000', '0.00100000', '0.05000000', '0.01738575', '0.01336898', '0.01000000', '0.66118517', '0.00001753', '0.01692662', '0.13980000']"
1428,"['0.10296616', '0.01000000', '0.49980000', '0.00980000', '0.10000000', '0.00776064', '0.12980000', '0.06708656', '0.11980000', '0.20000000', '0.01301846']"
