id,amount,fees,target_feerate,real_feerate,algo,num_inputs,negative_ev,num_outputs,change_amount,before_num_utxos,after_num_utxos,waste
0,0.00310000,0.00000141,0.00001000,1E-8,knapsack,1,0,2,0.00018859,23,23,99
1,0.00010100,0.00002820,0.00020000,2.0E-7,knapsack,1,0,2,0.00005939,23,23,1980
2,0.00329400,0.00000200,0.00001000,1.81818181818E-8,bnb,1,0,1,,23,22,-522
3,0.00410100,0.00002820,0.00020000,2.0E-7,knapsack,1,0,2,0.00070080,22,22,1980
4,0.00329000,0.00000208,0.00001000,1E-8,srd,2,0,2,0.00500192,22,21,-513
5,0.00319400,0.00002820,0.00020000,2.0E-7,knapsack,1,0,2,0.00006780,21,21,1980
6,0.00040100,0.00000344,0.00001000,1E-8,knapsack,4,0,2,0.00001995,21,18,-1737
7,0.00262000,0.00002820,0.00020000,2.0E-7,knapsack,1,0,2,0.00064580,18,18,1980
8,0.00100000,0.00000208,0.00001000,1E-8,knapsack,2,0,2,0.00034452,18,17,-513
9,0.00650000,0.00000208,0.00001000,1E-8,knapsack,2,0,2,0.00008592,18,17,-513
10,0.00014000,0.00002820,0.00020000,2.0E-7,knapsack,1,0,2,0.00017632,17,17,1980
11,0.00310000,0.00002820,0.00020000,2.0E-7,knapsack,1,0,2,0.00018580,24,24,1980
12,0.00010100,0.00002820,0.00020000,2.0E-7,srd,1,0,2,4.99987080,25,25,1980
13,0.00113200,0.00000141,0.00001000,1E-8,knapsack,1,0,2,0.00218059,25,25,99
14,0.00010200,0.00002820,0.00020000,2.0E-7,srd,1,0,2,4.99974060,25,25,1980
15,0.00400000,0.00000547,0.00001000,1E-8,knapsack,7,0,2,5.00338563,31,25,-3573
16,0.00100000,0.00002820,0.00020000,2.0E-7,knapsack,1,0,2,5.00235743,25,25,1980
17,0.00300000,0.00000141,0.00001000,1E-8,knapsack,1,0,2,4.99935602,27,27,99
18,0.00665800,0.00002820,0.00020000,2.0E-7,knapsack,1,0,2,4.99266982,27,27,1980
19,0.00110000,0.00000141,0.00001000,1E-8,knapsack,1,0,2,4.99156841,27,27,99
20,0.00090000,0.00002820,0.00020000,2.0E-7,knapsack,1,0,2,4.99064021,27,27,1980
21,0.00110000,0.00000141,0.00001000,1E-8,knapsack,1,0,2,4.98953880,27,27,99
22,0.00209300,0.00002820,0.00020000,2.0E-7,knapsack,1,0,2,4.98741760,27,27,1980
23,0.00332600,0.00000463,0.00001000,1.21522309711E-8,bnb,5,0,1,,27,22,-2979
24,0.00424600,0.00002820,0.00020000,2.0E-7,knapsack,1,0,2,4.98314340,22,22,1980
25,0.00333000,0.00000208,0.00001000,1E-8,srd,2,0,2,0.09666892,22,21,-513
26,0.00200000,0.00002820,0.00020000,2.0E-7,srd,1,0,2,4.98111520,21,21,1980
27,0.00337500,0.00000141,0.00001000,1E-8,knapsack,1,0,2,0.00052359,21,21,99
28,0.00300000,0.00002820,0.00020000,2.0E-7,srd,1,0,2,0.09364072,21,21,1980
29,0.00294600,0.00000344,0.00001000,1E-8,knapsack,4,0,2,0.00002032,21,18,-1737
30,0.00332500,0.00000141,0.00001000,1E-8,knapsack,1,0,2,0.00461859,19,19,99
31,0.00332500,0.00002820,0.00020000,2.0E-7,knapsack,1,0,2,0.00126539,19,19,1980
32,0.00330000,0.00000141,0.00001000,1E-8,knapsack,1,0,2,0.00609859,19,19,99
33,0.00336300,0.00002820,0.00020000,2.0E-7,knapsack,1,0,2,0.00270739,19,19,1980
34,0.00333400,0.00002820,0.00020000,2.0E-7,srd,1,0,2,0.99663780,22,22,1980
35,0.00030000,0.00000208,0.00001000,1E-8,srd,2,0,2,3.99971824,22,21,-513
36,0.00300100,0.00002820,0.00020000,2.0E-7,fifo,1,0,2,1.99697080,21,21,1980
37,0.00332900,0.00002820,0.00020000,2.0E-7,srd,1,0,2,0.01233280,22,22,1980
38,0.00332700,0.00000208,0.00001000,1E-8,knapsack,2,0,2,0.00019451,22,21,-513
39,0.00332700,0.00002820,0.00020000,2.0E-7,srd,1,0,2,0.00964480,21,21,1980
40,0.00322700,0.00000208,0.00001000,1E-8,knapsack,2,0,2,0.00047831,21,20,-513
41,0.00332000,0.00002820,0.00020000,2.0E-7,knapsack,1,0,2,0.00629660,20,20,1980
42,0.00198400,0.00002820,0.00020000,2.0E-7,srd,1,0,2,0.02298780,21,21,1980
43,0.00322000,0.00000141,0.00001000,1E-8,knapsack,1,0,2,0.00307519,21,21,99
44,0.00505500,0.00002820,0.00020000,2.0E-7,fifo,1,0,2,2.99491680,23,23,1980
45,0.00105000,0.00002820,0.00020000,2.0E-7,knapsack,1,0,2,0.00018719,24,24,1980
46,0.00020000,0.00000200,0.00001000,1.12994350282E-8,bnb,2,0,1,,24,22,-1202
47,0.00086900,0.00002820,0.00020000,2.0E-7,knapsack,1,0,2,0.00210280,22,22,1980
48,0.00020400,0.00002820,0.00020000,2.0E-7,srd,1,0,2,0.00976780,23,23,1980
49,0.00322600,0.00000622,0.00001000,1.63254593176E-8,bnb,5,0,1,,23,18,-2820
50,0.00334300,0.00002820,0.00020000,2.0E-7,knapsack,1,0,2,0.00639660,18,18,1980
51,0.00668000,0.00000208,0.00001000,1E-8,knapsack,2,0,2,0.00278971,18,17,-513
52,0.00332500,0.00002820,0.00020000,2.0E-7,knapsack,1,0,2,0.00644680,17,17,1980
53,0.00332500,0.00000208,0.00001000,1E-8,knapsack,2,0,2,0.00023163,17,16,-513
54,0.00332500,0.00002820,0.00020000,2.0E-7,knapsack,1,0,2,0.00309360,16,16,1980
55,0.00332500,0.00000276,0.00001000,1E-8,knapsack,3,0,2,0.00018466,16,14,-1125
56,0.00300000,0.00002820,0.00020000,2.0E-7,knapsack,1,0,2,0.00697180,14,14,1368
57,0.00332700,0.00000141,0.00001000,1E-8,knapsack,1,0,2,0.00364339,14,14,-513
58,0.00332500,0.00002820,0.00020000,2.0E-7,knapsack,1,0,2,0.00029019,14,14,1368
59,0.00300000,0.00000141,0.00001000,1E-8,knapsack,1,0,2,0.00699859,14,14,-513
60,0.00332700,0.00002820,0.00020000,2.0E-7,knapsack,1,0,2,0.00364339,14,14,1368
61,0.00332700,0.00000141,0.00001000,1E-8,knapsack,1,0,2,0.00031498,14,14,-513
62,0.00332800,0.00002820,0.00020000,2.0E-7,knapsack,1,0,2,0.00674380,14,14,1368
63,0.00332900,0.00000208,0.00001000,1E-8,knapsack,2,0,2,0.04772685,14,13,-1125
64,0.00333000,0.00002820,0.00020000,2.0E-7,knapsack,1,0,2,0.00338560,13,13,1368
65,0.00332500,0.00000208,0.00001000,1E-8,srd,2,0,2,1.99393391,13,12,-1125
66,0.00332500,0.00002820,0.00020000,2.0E-7,knapsack,1,0,2,0.00003240,12,12,1368
67,0.00333500,0.00000141,0.00001000,1E-8,knapsack,1,0,2,0.00899639,12,12,-513
68,0.00332500,0.00002820,0.00020000,2.0E-7,knapsack,1,0,2,0.00564319,12,12,1368
69,0.00332500,0.00000141,0.00001000,1E-8,knapsack,1,0,2,0.00231678,12,12,-513
70,0.00300000,0.00002820,0.00020000,2.0E-7,knapsack,1,0,2,0.01995960,12,12,1368
71,0.00321200,0.00000141,0.00001000,1E-8,knapsack,1,0,2,0.01674619,12,12,-513
72,0.00200000,0.00000141,0.00001000,1E-8,knapsack,1,0,2,0.00031537,13,13,-513
73,0.00320000,0.00002820,0.00020000,2.0E-7,knapsack,1,0,2,0.01351799,13,13,1368
74,0.00332500,0.00000141,0.00001000,1E-8,knapsack,1,0,2,0.01019158,13,13,-513
75,0.00330000,0.00002820,0.00020000,2.0E-7,knapsack,1,0,2,0.00686338,13,13,1368
76,0.00339300,0.00000276,0.00001000,1E-8,srd,3,0,2,0.99387239,13,11,-1737
77,0.00332700,0.00002820,0.00020000,2.0E-7,knapsack,1,0,2,0.00350818,11,11,1368
78,0.00334100,0.00000208,0.00001000,1E-8,srd,2,0,2,0.04538377,11,10,-1125
79,0.00332700,0.00002820,0.00020000,2.0E-7,knapsack,1,0,2,0.00015298,10,10,1368
80,0.00332900,0.00002820,0.00020000,2.0E-7,knapsack,1,0,2,0.04202657,11,11,1368
81,0.00932800,0.00000141,0.00001000,1E-8,knapsack,1,0,2,0.03269716,11,11,-513
82,0.00333000,0.00000141,0.00001000,1E-8,knapsack,1,0,2,0.02936575,12,12,-513
83,0.00332500,0.00002820,0.00020000,2.0E-7,knapsack,1,0,2,0.02601255,12,12,1368
84,0.00332500,0.00000141,0.00001000,1E-8,knapsack,1,0,2,0.00577359,12,12,-513
85,0.00300000,0.00002820,0.00020000,2.0E-7,knapsack,1,0,2,0.00274539,12,12,1368
86,0.02047700,0.00000141,0.00001000,1E-8,knapsack,1,0,2,0.00553414,12,12,-513
87,0.00172200,0.00002820,0.00020000,2.0E-7,knapsack,1,0,2,0.01538980,12,12,1368
88,0.00265000,0.00002820,0.00020000,2.0E-7,knapsack,1,0,2,0.00006719,13,13,1368
89,0.00333000,0.00000141,0.00001000,1E-8,knapsack,1,0,2,0.00220273,13,13,-513
90,0.00332500,0.00002820,0.00020000,2.0E-7,knapsack,1,0,2,0.01203660,13,13,1368
91,0.01500000,0.00002820,0.00020000,2.0E-7,knapsack,1,0,2,0.07861252,14,14,1368
92,0.00100000,0.00000208,0.00001000,1E-8,srd,2,0,2,2.99406770,14,13,-1125
93,0.01000000,0.00002820,0.00020000,2.0E-7,knapsack,1,0,2,0.00200840,13,13,1368
94,0.00200000,0.00002820,0.00020000,2.0E-7,fifo,1,0,2,4.97908700,16,16,1368
95,0.00200000,0.00000141,0.00001000,1E-8,knapsack,1,0,2,0.00000699,16,16,-513
96,0.00200000,0.00000141,0.00001000,1E-8,knapsack,1,0,2,0.00020132,19,19,-513
97,0.00100000,0.00002820,0.00020000,2.0E-7,knapsack,1,0,2,0.00013567,19,19,1368
98,0.01500000,0.00003567,0.00020000,2.01525423729E-7,bnb,2,0,1,,22,20,1367
99,0.00200000,0.00000208,0.00001000,1E-8,srd,2,0,2,0.99207163,20,19,-1125
100,0.00200000,0.00002820,0.00020000,2.0E-7,knapsack,1,0,2,0.00097180,19,19,1368
101,0.00457300,0.00000141,0.00001000,1E-8,knapsack,1,0,2,0.00022559,19,19,-513
102,0.00200000,0.00002820,0.00020000,2.0E-7,srd,1,0,2,0.00241498,29,29,1368
103,0.00300000,0.00000438,0.00001000,1.14960629921E-8,bnb,5,0,1,,31,26,-3004
104,0.00100000,0.00002820,0.00020000,2.0E-7,fifo,1,0,2,3.99869004,30,30,1368
105,0.00300000,0.00000344,0.00001000,1E-8,knapsack,4,0,2,0.00002896,30,27,-2349
106,0.00152800,0.00000208,0.00001000,1E-8,knapsack,2,0,2,0.00046992,28,27,-1125
107,0.00210000,0.00002820,0.00020000,2.0E-7,srd,1,0,2,0.07648432,31,31,1368
108,0.00100000,0.00002820,0.00020000,2.0E-7,srd,1,0,2,0.00377180,34,34,1368
109,0.00492000,0.00000344,0.00001000,1E-8,knapsack,4,0,2,0.00000160,36,33,-2349
110,0.00110000,0.00002820,0.00020000,2.0E-7,srd,1,0,2,0.99094343,35,35,1368
111,0.00050000,0.00002820,0.00020000,2.0E-7,srd,1,0,2,3.99816184,36,36,1368
112,0.00413200,0.00000344,0.00001000,1E-8,knapsack,4,0,2,0.00000179,38,35,-2349
113,0.00310000,0.00002820,0.00020000,2.0E-7,srd,1,0,2,0.00487180,35,35,1368
114,0.00536100,0.00002820,0.00020000,2.0E-7,fifo,1,0,2,1.98854471,38,38,1368
115,0.00100000,0.00000339,0.00001000,1.38367346939E-8,knapsack,3,0,1,,38,35,-1737
116,0.00370900,0.00000412,0.00001000,1E-8,knapsack,5,0,2,0.00000121,36,32,-2961
117,0.00013000,0.00000141,0.00001000,1E-8,knapsack,1,0,2,0.00026859,33,33,-513
118,0.00556800,0.00002820,0.00020000,2.0E-7,srd,1,0,2,0.98534723,33,33,1368
119,0.00300000,0.00002820,0.00020000,2.0E-7,srd,1,0,2,0.00161550,44,44,1368
120,0.00924800,0.00000740,0.00001000,1.02920723227E-8,bnb,10,0,1,,46,36,-6102
121,0.00500000,0.00000276,0.00001000,1E-8,knapsack,3,0,2,0.00000904,39,37,-1737
122,0.00337500,0.00000208,0.00001000,1E-8,knapsack,2,0,2,0.00003790,38,37,-1125
123,0.00850000,0.00002820,0.00020000,2.0E-7,fifo,1,0,2,0.02147180,37,37,1368
124,0.00800000,0.00002820,0.00020000,2.0E-7,fifo,1,0,2,2.98603950,38,38,1368
125,0.01000000,0.00000404,0.00001000,1.06036745407E-8,bnb,5,0,1,,38,33,-3038
126,0.01500500,0.00002820,0.00020000,2.0E-7,fifo,1,0,2,0.00276680,33,33,1368
127,0.00200000,0.00000276,0.00001000,1E-8,knapsack,3,0,2,0.00003514,33,31,-1737
128,0.00134400,0.00002820,0.00020000,2.0E-7,knapsack,1,0,2,0.00025829,31,31,1368
129,0.00321900,0.00002820,0.00020000,2.0E-7,srd,1,0,2,0.00267280,32,32,1368
130,0.00610000,0.00000276,0.00001000,1E-8,knapsack,3,0,2,0.00002195,32,30,-1737
131,0.00610000,0.00002820,0.00020000,2.0E-7,fifo,1,0,2,4.97295880,30,30,1368
132,0.00634000,0.00000208,0.00001000,1E-8,knapsack,2,0,2,0.00012472,30,29,-1125
133,0.01100000,0.00000276,0.00001000,1E-8,knapsack,3,0,2,0.00001919,34,32,-1737
134,0.00275200,0.00002820,0.00020000,2.0E-7,knapsack,1,0,2,0.00011980,32,32,1368
135,0.01000000,0.00000479,0.00001000,1E-8,knapsack,6,0,2,0.00001261,36,31,-3573
136,0.01000000,0.00003902,0.00020000,2.20451977401E-7,bnb,2,0,1,,31,29,1702
137,0.00200000,0.00000141,0.00001000,1E-8,knapsack,1,0,2,0.00026359,31,31,-513
138,0.00170000,0.00002820,0.00020000,2.0E-7,knapsack,1,0,2,0.00055224,31,31,1368
139,0.00160000,0.00000276,0.00001000,1E-8,knapsack,3,0,2,0.00021307,31,29,-1737
140,0.01299400,0.00000276,0.00001000,1E-8,knapsack,3,0,2,0.00000324,32,30,-1737
141,0.00200000,0.00002820,0.00020000,2.0E-7,knapsack,1,0,2,0.00174360,30,30,1368
142,0.00200000,0.00000208,0.00001000,1E-8,knapsack,2,0,2,0.00000116,32,31,-1125
143,0.00044600,0.00002820,0.00020000,2.0E-7,knapsack,1,0,2,0.00022462,35,35,1368
144,0.00210000,0.00000344,0.00001000,1E-8,knapsack,4,0,2,0.00003425,37,34,-2349
145,0.00925000,0.00004160,0.00020000,2.0E-7,fifo,2,0,2,0.03050840,34,33,2048
146,0.00303500,0.00000276,0.00001000,1E-8,knapsack,3,0,2,0.00000910,33,31,-1737
147,0.00166400,0.00002820,0.00020000,2.0E-7,knapsack,1,0,2,0.00005140,31,31,1368
148,0.00575300,0.00002820,0.00020000,2.0E-7,knapsack,1,0,2,0.00021880,32,32,1368
149,0.00980100,0.00000344,0.00001000,1E-8,knapsack,4,0,2,0.00001161,32,29,-2349
150,0.00971900,0.00000276,0.00001000,1E-8,srd,3,0,2,0.02056165,30,28,-1737
151,0.05900000,0.00000522,0.00001000,1.01162790698E-8,bnb,7,0,1,,35,28,-4280
152,0.00200000,0.00002820,0.00020000,2.0E-7,srd,1,0,2,0.00077180,30,30,1368
153,0.05000000,0.00000750,0.00001000,1E-8,knapsack,10,0,2,15.00937191,30,21,-6021
154,0.00997000,0.00002820,0.00020000,2.0E-7,knapsack,1,0,2,14.99937371,21,21,1368
155,0.00320000,0.00000141,0.00001000,1E-8,knapsack,1,0,2,14.99617230,25,25,-513
156,0.12100000,0.00002820,0.00020000,2.0E-7,knapsack,1,0,2,14.87514410,27,27,1368
157,0.00356700,0.00002820,0.00020000,2.0E-7,knapsack,1,0,2,14.87154890,30,30,1368
158,0.00084400,0.00000141,0.00001000,1E-8,knapsack,1,0,2,14.87070349,30,30,-513
159,0.10000000,0.00000141,0.00001000,1E-8,knapsack,1,0,2,14.77070208,31,31,-513
160,0.10000000,0.00000141,0.00001000,1E-8,knapsack,1,0,2,14.67070067,36,36,-513
161,0.10000000,0.00002820,0.00020000,2.0E-7,knapsack,1,0,2,14.57067247,36,36,1368
162,0.00500000,0.00002820,0.00020000,2.0E-7,knapsack,1,0,2,14.56564427,43,43,1368
163,0.00400000,0.00002820,0.00020000,2.0E-7,knapsack,1,0,2,14.56161607,46,46,1368
164,0.00500000,0.00000141,0.00001000,1E-8,knapsack,1,0,2,14.55661466,46,46,-513
165,0.00500000,0.00002820,0.00020000,2.0E-7,knapsack,1,0,2,14.55158646,46,46,1368
166,0.00069400,0.00000141,0.00001000,1E-8,knapsack,1,0,2,14.55089105,46,46,-513
167,0.00300000,0.00002820,0.00020000,2.0E-7,knapsack,1,0,2,14.54786285,50,50,1368
168,0.01000000,0.00000141,0.00001000,1E-8,knapsack,1,0,2,14.53786144,50,50,-513
169,0.00100000,0.00002820,0.00020000,2.0E-7,knapsack,1,0,2,14.53683324,50,50,1368
170,0.01003000,0.00000141,0.00001000,1E-8,knapsack,1,0,2,14.52680183,52,52,-513
171,0.00137000,0.00002820,0.00020000,2.0E-7,knapsack,1,0,2,14.52540363,52,52,1368
172,0.00126800,0.00000141,0.00001000,1E-8,knapsack,1,0,2,14.52413422,52,52,-513
173,0.00450000,0.00000141,0.00001000,1E-8,knapsack,1,0,2,14.51963281,53,53,-513
174,0.00500000,0.00002820,0.00020000,2.0E-7,knapsack,1,0,2,14.51460461,55,55,1368
175,0.01020000,0.00000141,0.00001000,1E-8,knapsack,1,0,2,14.50440320,55,55,-513
176,0.01020000,0.00000141,0.00001000,1E-8,knapsack,1,0,2,14.49420179,56,56,-513
177,0.01050000,0.00000141,0.00001000,1E-8,knapsack,1,0,2,14.48370038,57,57,-513
178,0.01063000,0.00000141,0.00001000,1E-8,knapsack,1,0,2,14.47306897,58,58,-513
179,0.00030000,0.00002820,0.00020000,2.0E-7,knapsack,1,0,2,14.47274077,58,58,1368
180,0.00030000,0.00000141,0.00001000,1E-8,knapsack,1,0,2,14.47243936,58,58,-513
181,0.01030000,0.00002820,0.00020000,2.0E-7,knapsack,1,0,2,14.46211116,60,60,1368
182,0.01080000,0.00000141,0.00001000,1E-8,knapsack,1,0,2,14.45130975,62,62,-513
183,0.01030000,0.00000141,0.00001000,1E-8,knapsack,1,0,2,14.44100834,63,63,-513
184,0.01110000,0.00000141,0.00001000,1E-8,knapsack,1,0,2,14.42990693,64,64,-513
185,0.00020000,0.00000141,0.00001000,1E-8,knapsack,1,0,2,14.42970552,65,65,-513
186,0.00062000,0.00002820,0.00020000,2.0E-7,knapsack,1,0,2,14.42905732,65,65,1368
187,0.01100000,0.00002820,0.00020000,2.0E-7,knapsack,1,0,2,14.41802912,66,66,1368
188,0.01410000,0.00000141,0.00001000,1E-8,knapsack,1,0,2,14.40392771,68,68,-513
189,0.01110000,0.00000141,0.00001000,1E-8,knapsack,1,0,2,14.39282630,69,69,-513
190,0.00200000,0.00000141,0.00001000,1E-8,knapsack,1,0,2,14.39082489,70,70,-513
191,0.00210000,0.00000141,0.00001000,1E-8,knapsack,1,0,2,14.38872348,73,73,-513
192,0.01210000,0.00000141,0.00001000,1E-8,knapsack,1,0,2,14.37662207,74,74,-513
193,0.01100000,0.00002820,0.00020000,2.0E-7,knapsack,1,0,2,14.36559387,74,74,1368
194,0.00200000,0.00002820,0.00020000,2.0E-7,knapsack,1,0,2,14.36356567,81,81,1368
195,0.00110000,0.00000141,0.00001000,1E-8,knapsack,1,0,2,14.36246426,81,81,-513
196,0.01552400,0.00002820,0.00020000,2.0E-7,knapsack,1,0,2,14.34691206,83,83,1368
197,0.00100000,0.00000141,0.00001000,1E-8,knapsack,1,0,2,14.34591065,85,85,-513
198,0.00125100,0.00002820,0.00020000,2.0E-7,knapsack,1,0,2,14.34463145,87,87,1368
199,0.01896200,0.00000141,0.00001000,1E-8,knapsack,1,0,2,14.32566804,87,87,-513
200,0.00200000,0.00002820,0.00020000,2.0E-7,knapsack,1,0,2,14.32363984,87,87,1368
201,0.00761500,0.00000141,0.00001000,1E-8,knapsack,1,0,2,14.31602343,93,93,-513
202,0.00020000,0.00000141,0.00001000,1E-8,knapsack,1,0,2,14.31582202,94,94,-513
203,0.02767100,0.00002820,0.00020000,2.0E-7,knapsack,1,0,2,14.28812282,94,94,1368
204,0.00100000,0.00000141,0.00001000,1E-8,knapsack,1,0,2,14.28712141,94,94,-513
205,0.01310600,0.00000141,0.00001000,1E-8,knapsack,1,0,2,14.27401400,95,95,-513
206,0.01890200,0.00000141,0.00001000,1E-8,knapsack,1,0,2,14.25511059,98,98,-513
207,0.01400000,0.00002820,0.00020000,2.0E-7,knapsack,1,0,2,14.24108239,98,98,1368
208,0.00400000,0.00000141,0.00001000,1E-8,knapsack,1,0,2,14.23708098,98,98,-513
209,0.00100000,0.00002820,0.00020000,2.0E-7,knapsack,1,0,2,14.23605278,98,98,1368
210,0.00020000,0.00000141,0.00001000,1E-8,knapsack,1,0,2,14.23585137,98,98,-513
211,0.01829700,0.00002820,0.00020000,2.0E-7,srd,1,0,2,14.21752617,98,98,1368
212,0.10000000,0.00000141,0.00001000,1E-8,knapsack,1,0,2,14.11752476,106,106,-513
213,0.03117800,0.00002820,0.00020000,2.0E-7,knapsack,1,0,2,14.08631856,106,106,1368
214,0.00025000,0.00002820,0.00020000,2.0E-7,knapsack,1,0,2,14.08604036,107,107,1368
215,0.07500000,0.00002820,0.00020000,2.0E-7,knapsack,1,0,2,14.01101216,112,112,1368
216,0.01000000,0.00002820,0.00020000,2.0E-7,knapsack,1,0,2,14.00098396,113,113,1368
217,0.10000000,0.00000141,0.00001000,1E-8,knapsack,1,0,2,13.90098255,113,113,-513
218,0.03008800,0.00002820,0.00020000,2.0E-7,knapsack,1,0,2,13.87086635,115,115,1368
219,0.00020000,0.00000141,0.00001000,1E-8,knapsack,1,0,2,13.87066494,115,115,-513
220,0.00020000,0.00002820,0.00020000,2.0E-7,knapsack,1,0,2,13.87043674,117,117,1368
221,0.12431200,0.00000141,0.00001000,1E-8,knapsack,1,0,2,13.74612333,119,119,-513
222,0.03394100,0.00000141,0.00001000,1E-8,knapsack,1,0,2,13.71218092,122,122,-513
223,0.00025000,0.00002820,0.00020000,2.0E-7,knapsack,1,0,2,13.71190272,124,124,1368
224,0.03088700,0.00002820,0.00020000,2.0E-7,knapsack,1,0,2,13.68098752,125,125,1368
225,0.15000000,0.00002820,0.00020000,2.0E-7,knapsack,1,0,2,13.53095932,126,126,1368
226,0.12500000,0.00000141,0.00001000,1E-8,knapsack,1,0,2,13.40595791,126,126,-513
227,0.01000000,0.00000141,0.00001000,1E-8,knapsack,1,0,2,13.39595650,127,127,-513
228,0.00600000,0.00000141,0.00001000,1E-8,knapsack,1,0,2,13.38995509,128,128,-513
229,0.00250000,0.00000141,0.00001000,1E-8,knapsack,1,0,2,13.38745368,131,131,-513
230,0.00020000,0.00000141,0.00001000,1E-8,knapsack,1,0,2,13.38725227,132,132,-513
231,0.00190000,0.00002820,0.00020000,2.0E-7,knapsack,1,0,2,13.38532407,134,134,1368
232,0.00030000,0.00000141,0.00001000,1E-8,knapsack,1,0,2,13.38502266,134,134,-513
233,0.11000000,0.00000141,0.00001000,1E-8,knapsack,1,0,2,13.27502125,143,143,-513
234,0.02540800,0.00000141,0.00001000,1E-8,knapsack,1,0,2,13.24961184,144,144,-513
235,0.00197900,0.00002820,0.00020000,2.0E-7,knapsack,1,0,2,13.24760464,144,144,1368
236,0.00100000,0.00000141,0.00001000,1E-8,knapsack,1,0,2,13.24660323,146,146,-513
237,0.00020700,0.00002820,0.00020000,2.0E-7,knapsack,1,0,2,13.24636803,148,148,1368
238,0.00057000,0.00000141,0.00001000,1E-8,knapsack,1,0,2,13.24579662,148,148,-513
239,0.00020000,0.00002820,0.00020000,2.0E-7,knapsack,1,0,2,13.24556842,152,152,1368
240,0.01693800,0.00000141,0.00001000,1E-8,knapsack,1,0,2,13.22862901,154,154,-513
241,0.00410000,0.00000141,0.00001000,1E-8,knapsack,1,0,2,13.22452760,157,157,-513
242,0.03073900,0.00002820,0.00020000,2.0E-7,knapsack,1,0,2,13.19376040,159,159,1368
243,0.00350200,0.00002820,0.00020000,2.0E-7,knapsack,1,0,2,13.19023020,166,166,1368
244,0.10000000,0.00000141,0.00001000,1E-8,knapsack,1,0,2,13.09022879,166,166,-513
245,0.01050200,0.00002820,0.00020000,2.0E-7,knapsack,1,0,2,13.07969859,168,168,1368
246,0.10020000,0.00001225,0.00001000,1E-8,fifo,17,0,2,0.04841272,168,152,-10305
247,0.00050000,0.00000460,0.00001000,1.02678571429E-8,bnb,6,0,1,,153,147,-3662
248,1.00010000,0.00003629,0.00020000,2.05028248588E-7,bnb,2,0,1,,149,147,1429
249,0.10351900,0.00000208,0.00001000,1E-8,knapsack,2,0,2,13.02459023,149,148,-1125
250,0.00810000,0.00002820,0.00020000,2.0E-7,knapsack,1,0,2,13.01646203,148,148,1368
251,0.20000000,0.00000141,0.00001000,1E-8,knapsack,1,0,2,12.81646062,150,150,-513
252,0.05300000,0.00002820,0.00020000,2.0E-7,srd,1,0,2,12.76343242,150,150,1368
253,0.10000000,0.00001017,0.00001000,1.10184182015E-8,bnb,13,0,1,,152,139,-7865
254,0.10000000,0.00000141,0.00001000,1E-8,knapsack,1,0,2,12.66343101,140,140,-513
255,0.20000000,0.00001292,0.00001000,1E-8,srd,18,0,2,0.00197978,141,124,-10917
256,0.00020000,0.00002820,0.00020000,2.0E-7,fifo,1,0,2,0.00977180,124,124,1368
257,0.05092100,0.00005520,0.00020000,2.0E-7,knapsack,3,0,2,12.62420639,125,123,2728
258,0.00400000,0.00000141,0.00001000,1E-8,knapsack,1,0,2,12.62020498,123,123,-513
259,0.00030000,0.00000141,0.00001000,1E-8,knapsack,1,0,2,12.61990357,126,126,-513
260,0.00020000,0.00002820,0.00020000,2.0E-7,knapsack,1,0,2,12.61967537,126,126,1368
261,0.00040000,0.00000141,0.00001000,1E-8,knapsack,1,0,2,12.61927396,126,126,-513
262,0.00020000,0.00000141,0.00001000,1E-8,knapsack,1,0,2,12.61907255,131,131,-513
263,0.00150000,0.00002820,0.00020000,2.0E-7,knapsack,1,0,2,12.61754435,137,137,1368
264,0.00050000,0.00000141,0.00001000,1E-8,knapsack,1,0,2,12.61704294,137,137,-513
265,0.01422200,0.00002820,0.00020000,2.0E-7,knapsack,1,0,2,12.60279274,141,141,1368
266,0.00070000,0.00000141,0.00001000,1E-8,knapsack,1,0,2,12.60209133,141,141,-513
267,0.00090000,0.00000141,0.00001000,1E-8,knapsack,1,0,2,12.60118992,142,142,-513
268,0.00020000,0.00002820,0.00020000,2.0E-7,knapsack,1,0,2,12.60096172,142,142,1368
269,0.00020000,0.00000141,0.00001000,1E-8,knapsack,1,0,2,12.60076031,142,142,-513
270,0.00050000,0.00000141,0.00001000,1E-8,knapsack,1,0,2,12.60025890,149,149,-513
271,0.01400000,0.00002820,0.00020000,2.0E-7,knapsack,1,0,2,12.58623070,149,149,1368
272,0.00100000,0.00000141,0.00001000,1E-8,knapsack,1,0,2,12.58522929,149,149,-513
273,0.00100000,0.00002820,0.00020000,2.0E-7,knapsack,1,0,2,12.58420109,149,149,1368
274,0.00100000,0.00000141,0.00001000,1E-8,knapsack,1,0,2,12.58319968,149,149,-513
275,0.00100000,0.00002820,0.00020000,2.0E-7,srd,1,0,2,12.58217148,149,149,1368
276,0.00020000,0.00000408,0.00001000,1.07086614173E-8,bnb,5,0,1,,149,144,-3034
277,0.00106800,0.00002820,0.00020000,2.0E-7,knapsack,1,0,2,12.58107528,148,148,1368
278,0.00100000,0.00000141,0.00001000,1E-8,knapsack,1,0,2,12.58007387,148,148,-513
279,0.00100000,0.00002820,0.00020000,2.0E-7,knapsack,1,0,2,12.57904567,148,148,1368
280,0.00700000,0.00000141,0.00001000,1E-8,knapsack,1,0,2,12.57204426,152,152,-513
281,0.00600000,0.00000141,0.00001000,1E-8,knapsack,1,0,2,12.56604285,153,153,-513
282,0.00780000,0.00002820,0.00020000,2.0E-7,knapsack,1,0,2,12.55821465,153,153,1368
283,0.00080000,0.00000141,0.00001000,1E-8,knapsack,1,0,2,12.55741324,155,155,-513
284,0.00130000,0.00000141,0.00001000,1E-8,knapsack,1,0,2,12.55611183,158,158,-513
285,0.00020000,0.00002820,0.00020000,2.0E-7,srd,1,0,2,12.55588363,158,158,1368
286,0.00120000,0.00000141,0.00001000,1E-8,knapsack,1,0,2,12.55468222,158,158,-513
287,0.05188300,0.00000141,0.00001000,1E-8,knapsack,1,0,2,12.50279781,169,169,-513
288,0.06065100,0.00002820,0.00020000,2.0E-7,knapsack,1,0,2,12.44211861,173,173,1368
289,0.00135900,0.00000141,0.00001000,1E-8,knapsack,1,0,2,12.44075820,175,175,-513
290,0.00200000,0.00002820,0.00020000,2.0E-7,srd,1,0,2,12.43873000,175,175,1368
291,0.02000000,0.00002820,0.00020000,2.01428571429E-7,knapsack,1,0,2,12.41870180,176,176,1368
292,0.00120000,0.00002820,0.00020000,2.0E-7,knapsack,1,0,2,12.41747360,179,179,1368
293,0.00042000,0.00000141,0.00001000,1E-8,knapsack,1,0,2,12.41705219,179,179,-513
294,0.00042000,0.00002820,0.00020000,2.0E-7,knapsack,1,0,2,12.41660399,179,179,1368
295,0.00060000,0.00000287,0.00001000,1.17142857143E-8,bnb,3,0,1,,179,176,-1795
296,0.00050000,0.00000141,0.00001000,1E-8,knapsack,1,0,2,12.41610258,177,177,-513
297,0.00057900,0.00002210,0.00020000,2.00909090909E-7,bnb,1,0,1,,177,176,690
298,0.00100000,0.00000141,0.00001000,1E-8,knapsack,1,0,2,12.41510117,176,176,-513
299,0.01207000,0.00002820,0.00020000,2.0E-7,knapsack,1,0,2,12.40300297,178,178,1368
300,0.00080000,0.00000141,0.00001000,1E-8,knapsack,1,0,2,12.40220156,178,178,-513
301,0.03000000,0.00000668,0.00001000,1.02453987730E-8,bnb,9,0,1,,181,172,-5494
302,0.01000000,0.00002820,0.00020000,2.0E-7,knapsack,1,0,2,12.39217336,178,178,1368
303,0.02272700,0.00000141,0.00001000,1E-8,knapsack,1,0,2,12.36944495,178,178,-513
304,0.00114000,0.00000141,0.00001000,1E-8,knapsack,1,0,2,12.36830354,179,179,-513
305,0.00510000,0.00002820,0.00020000,2.0E-7,knapsack,1,0,2,12.36317534,179,179,1368
306,0.00100000,0.00000141,0.00001000,1E-8,knapsack,1,0,2,12.36217393,183,183,-513
307,0.01010000,0.00000141,0.00001000,1E-8,knapsack,1,0,2,12.35207252,184,184,-513
308,0.00024800,0.00002820,0.00020000,2.0E-7,knapsack,1,0,2,12.35179632,188,188,1368
309,0.00300000,0.00000141,0.00001000,1E-8,knapsack,1,0,2,12.34879491,192,192,-513
310,0.02000000,0.00000934,0.00001000,1.09239766082E-8,bnb,12,0,1,,193,181,-7268
311,0.00200000,0.00002820,0.00020000,2.0E-7,knapsack,1,0,2,12.34676671,195,195,1368
312,0.00020000,0.00000141,0.00001000,1E-8,knapsack,1,0,2,12.34656530,201,201,-513
313,0.00020000,0.00002820,0.00020000,2.0E-7,knapsack,1,0,2,12.34633710,201,201,1368
314,0.00050000,0.00000141,0.00001000,1E-8,knapsack,1,0,2,12.34583569,201,201,-513
315,0.00100000,0.00002820,0.00020000,2.0E-7,knapsack,1,0,2,12.34480749,201,201,1368
316,0.01000000,0.00002820,0.00020000,2.0E-7,srd,1,0,2,12.33477929,202,202,1368
317,0.05100000,0.00000691,0.00001000,1.06144393241E-8,bnb,9,0,1,,202,193,-5471
318,0.06100000,0.00002820,0.00020000,2.0E-7,knapsack,1,0,2,12.27375109,199,199,1368
319,0.01000000,0.00000532,0.00001000,1.03100775194E-8,bnb,7,0,1,,199,192,-4270
320,0.00410000,0.00000141,0.00001000,1E-8,knapsack,1,0,2,12.26964968,193,193,-513
321,0.00140000,0.00000208,0.00001000,1E-8,knapsack,2,0,2,0.00000648,194,193,-1125
322,0.00410000,0.00002820,0.00020000,2.0E-7,srd,1,0,2,0.02587180,193,193,1368
323,0.00030000,0.00000141,0.00001000,1E-8,knapsack,1,0,2,0.00010759,193,193,-513
324,0.01200000,0.00000344,0.00001000,1E-8,knapsack,4,0,2,12.28363211,196,193,-2349
325,0.00250000,0.00002820,0.00020000,2.0E-7,knapsack,1,0,2,12.28110391,193,193,1368
326,0.03500000,0.00000141,0.00001000,1E-8,knapsack,1,0,2,12.24610250,195,195,-513
327,0.20000000,0.00000141,0.00001000,1E-8,knapsack,1,0,2,12.04610109,202,202,-513
328,0.01000000,0.00002820,0.00020000,2.0E-7,knapsack,1,0,2,12.03607289,210,210,1368
329,0.05000000,0.00000141,0.00001000,1E-8,knapsack,1,0,2,11.98607148,210,210,-513
330,0.00474200,0.00002820,0.00020000,2.0E-7,knapsack,1,0,2,11.98130128,212,212,1368
331,0.30000000,0.00000141,0.00001000,1E-8,knapsack,1,0,2,11.68129987,214,214,-513
332,0.00060000,0.00002652,0.00020000,2.41090909091E-7,bnb,1,0,1,,214,213,1132
333,0.01000000,0.00002820,0.00020000,2.0E-7,knapsack,1,0,2,11.67127167,214,214,1368
334,0.03000000,0.00000665,0.00001000,1.01993865031E-8,bnb,9,0,1,,214,205,-5497
335,0.10223500,0.00000750,0.00001000,1E-8,srd,10,0,2,0.01823346,206,197,-6021
336,0.00100000,0.00002820,0.00020000,2.0E-7,knapsack,1,0,2,0.00005280,197,197,1368
337,0.00050000,0.00000276,0.00001000,1E-8,knapsack,3,0,2,0.00002192,197,195,-1737
338,0.00750000,0.00002820,0.00020000,2.0E-7,srd,1,0,2,0.99247180,195,195,1368
339,0.00090000,0.00000208,0.00001000,1E-8,knapsack,2,0,2,0.00001314,195,194,-1125
340,0.01500000,0.00000606,0.00001000,1.17441860465E-8,bnb,7,0,1,,195,188,-4196
341,0.02500000,0.00002820,0.00020000,2.0E-7,srd,1,0,2,0.02497180,188,188,1368
342,0.00050000,0.00000141,0.00001000,1E-8,knapsack,1,0,2,0.00019859,190,190,-513
343,0.03500000,0.00004937,0.00020000,2.01510204082E-7,bnb,3,0,1,,190,187,2057
344,7.50000000,0.00008240,0.00020000,2.0E-7,knapsack,5,0,2,5.20706492,188,184,4088
345,0.00200000,0.00000141,0.00001000,1E-8,knapsack,1,0,2,5.20506351,194,194,-513
346,0.00200000,0.00002820,0.00020000,2.0E-7,knapsack,1,0,2,5.20303531,194,194,1368
347,0.00600000,0.00000141,0.00001000,1E-8,knapsack,1,0,2,5.19703390,196,196,-513
348,0.00410000,0.00002820,0.00020000,2.0E-7,knapsack,1,0,2,5.19290570,198,198,1368
349,0.00420000,0.00000527,0.00001000,1.02131782946E-8,bnb,7,0,1,,200,193,-4275
350,0.02010000,0.00002820,0.00020000,2.0E-7,knapsack,1,0,2,5.17277750,195,195,1368
351,0.07500000,0.00002820,0.00020000,2.0E-7,srd,1,0,2,5.09774930,196,196,1368
352,0.01134600,0.00000141,0.00001000,1E-8,knapsack,1,0,2,5.08640189,200,200,-513
353,0.43059000,0.00000141,0.00001000,1E-8,knapsack,1,0,2,4.65581048,203,203,-513
354,0.01000000,0.00000500,0.00001000,1.11607142857E-8,bnb,6,0,1,,206,200,-3622
355,0.00157100,0.00002820,0.00020000,2.0E-7,knapsack,1,0,2,4.65421128,202,202,1368
356,0.00060000,0.00000141,0.00001000,1E-8,knapsack,1,0,2,4.65360987,202,202,-513
357,0.15000000,0.00000141,0.00001000,1E-8,knapsack,1,0,2,4.50360846,207,207,-513
358,0.01520000,0.00002820,0.00020000,2.0E-7,knapsack,1,0,2,4.48838026,209,209,1368
359,0.10010000,0.00002820,0.00020000,2.0E-7,knapsack,1,0,2,4.38825206,212,212,1368
360,0.10010000,0.00000141,0.00001000,1E-8,knapsack,1,0,2,4.28815065,212,212,-513
361,0.00050000,0.00002820,0.00020000,2.0E-7,knapsack,1,0,2,4.28762245,214,214,1368
362,0.00050000,0.00000141,0.00001000,1E-8,knapsack,1,0,2,4.28712104,214,214,-513
363,0.00100000,0.00002820,0.00020000,2.0E-7,knapsack,1,0,2,4.28609284,216,216,1368
364,0.00050000,0.00000141,0.00001000,1E-8,knapsack,1,0,2,4.28559143,216,216,-513
365,0.00200000,0.00000141,0.00001000,1E-8,knapsack,1,0,2,4.28359002,219,219,-513
366,0.00210800,0.00000141,0.00001000,1E-8,knapsack,1,0,2,4.28148061,222,222,-513
367,0.00562000,0.00002820,0.00020000,2.0E-7,knapsack,1,0,2,4.27583241,222,222,1368
368,0.00200000,0.00000141,0.00001000,1E-8,knapsack,1,0,2,0.00007588,222,222,-513
369,0.01300000,0.00004160,0.00020000,2.0E-7,knapsack,2,0,2,4.26286669,222,221,2048
370,0.00210000,0.00000208,0.00001000,1E-8,srd,2,0,2,0.00293197,223,222,-1125
371,0.00064600,0.00000208,0.00001000,1E-8,knapsack,2,0,2,4.26515058,231,230,-1125
372,0.02150000,0.00000141,0.00001000,1E-8,knapsack,1,0,2,4.24364917,235,235,-513
373,0.26319600,0.00002820,0.00020000,2.0E-7,knapsack,1,0,2,3.98042497,237,237,1368
374,0.35000000,0.00002820,0.00020000,2.0E-7,knapsack,1,0,2,3.63039677,238,238,1368
375,0.01600000,0.00000141,0.00001000,1E-8,knapsack,1,0,2,3.61439536,240,240,-513
376,0.00100000,0.00002820,0.00020000,2.0E-7,knapsack,1,0,2,3.61336716,242,242,1368
377,0.00150000,0.00002820,0.00020000,2.0E-7,knapsack,1,0,2,3.61183896,245,245,1368
378,0.00050000,0.00000141,0.00001000,1E-8,knapsack,1,0,2,3.61133755,245,245,-513
379,0.00107800,0.00002200,0.00020000,2.0E-7,bnb,1,0,1,,245,244,680
380,0.00100000,0.00002820,0.00020000,2.0E-7,knapsack,1,0,2,3.61030935,247,247,1368
381,0.01150000,0.00000141,0.00001000,1E-8,knapsack,1,0,2,3.59880794,253,253,-513
382,0.00050000,0.00000208,0.00001000,1E-8,knapsack,2,0,2,0.00000187,258,257,-1125
383,0.00050000,0.00002820,0.00020000,2.0E-7,srd,1,0,2,3.59827974,257,257,1368
384,0.05179900,0.00002820,0.00020000,2.0E-7,srd,1,0,2,3.54645254,260,260,1368
385,0.36600000,0.00002820,0.00020000,2.0E-7,srd,1,0,2,3.18042434,265,265,1368
386,0.01000000,0.00002820,0.00020000,2.0E-7,srd,1,0,2,3.17039614,266,266,1368
387,0.01015700,0.00000208,0.00001000,1E-8,knapsack,2,0,2,3.16023893,268,267,-1125
388,0.00021100,0.00000141,0.00001000,1E-8,knapsack,1,0,2,3.16002652,270,270,-513
389,0.01040400,0.00002820,0.00020000,2.0E-7,knapsack,1,0,2,3.14959432,272,272,1368
390,0.00020000,0.00000141,0.00001000,1E-8,knapsack,1,0,2,3.14939291,274,274,-513
391,0.05000000,0.00000141,0.00001000,1.00714285714E-8,knapsack,1,0,2,3.09939150,287,287,-513
392,0.10000000,0.00002820,0.00020000,2.0E-7,knapsack,1,0,2,2.99936330,289,289,1368
393,0.00110000,0.00000516,0.00001000,1.15178571429E-8,bnb,6,0,1,,289,283,-3606
394,0.00110000,0.00002820,0.00020000,2.0E-7,knapsack,1,0,2,2.99823510,283,283,1368
395,0.00060000,0.00000141,0.00001000,1E-8,knapsack,1,0,2,2.99763369,283,283,-513
396,0.15000000,0.00002820,0.00020000,2.0E-7,knapsack,1,0,2,2.84760549,283,283,1368
397,0.76231000,0.00003122,0.00001000,1.00032041012E-8,srd,45,0,2,8.73676816,283,239,-27441
398,0.00098700,0.00002820,0.00020000,2.0E-7,knapsack,1,0,2,0.00002884,247,247,1368
399,0.00050000,0.00002820,0.00020000,2.0E-7,srd,1,0,2,0.06947180,248,248,1368
400,0.00050000,0.00000276,0.00001000,1E-8,knapsack,3,0,2,0.00002383,248,246,-1737
401,0.00210000,0.00000383,0.00001000,1.00524934383E-8,bnb,5,0,1,,249,244,-3059
402,0.00020000,0.00002820,0.00020000,2.0E-7,knapsack,1,0,2,0.00006780,244,244,1368
403,0.00050000,0.00000276,0.00001000,1E-8,knapsack,3,0,2,0.00006504,244,242,-1737
404,0.00230000,0.00003567,0.00020000,2.01525423729E-7,bnb,2,0,1,,242,240,1367
405,0.00300000,0.00000208,0.00001000,1E-8,knapsack,2,0,2,0.00000380,240,239,-1125
406,0.02500000,0.00000412,0.00001000,1E-8,knapsack,5,0,2,11.62891017,256,252,-2961
407,0.25000000,0.00002820,0.00020000,2.0E-7,knapsack,1,0,2,11.37888197,252,252,1368
408,0.00230000,0.00000141,0.00001000,1E-8,knapsack,1,0,2,11.37658056,252,252,-513
409,0.10000000,0.00004931,0.00020000,2.01265306122E-7,bnb,3,0,1,,254,251,2051
410,0.00090000,0.00002820,0.00020000,2.0E-7,knapsack,1,0,2,11.37565236,254,254,1368
411,0.12500000,0.00000141,0.00001000,1E-8,knapsack,1,0,2,11.25065095,254,254,-513
412,0.10000000,0.00002820,0.00020000,2.0E-7,knapsack,1,0,2,11.15062275,254,254,1368
413,0.00991300,0.00002820,0.00020000,2.0E-7,srd,1,0,2,11.14068155,257,257,1368
414,0.10830300,0.00000728,0.00001000,1.01251738526E-8,bnb,10,0,1,,259,249,-6114
415,0.02000000,0.00002820,0.00020000,2.0E-7,knapsack,1,0,2,11.12065335,255,255,1368
416,0.30000000,0.00000954,0.00001000,1E-8,fifo,13,0,2,0.03812238,257,245,-7857
417,0.30000000,0.00004160,0.00020000,2.0E-7,knapsack,2,0,2,10.85873413,245,244,2048
418,0.00025000,0.00002820,0.00020000,2.0E-7,knapsack,1,0,2,10.85845593,249,249,1368
419,0.00035000,0.00000141,0.00001000,1E-8,knapsack,1,0,2,10.85810452,249,249,-513
420,0.00035000,0.00002820,0.00020000,2.0E-7,knapsack,1,0,2,0.00002180,249,249,1368
421,0.00035000,0.00000208,0.00001000,1E-8,knapsack,2,0,2,10.85777424,249,248,-1125
422,0.01589800,0.00000141,0.00001000,1E-8,knapsack,1,0,2,10.84187483,253,253,-513
423,0.00050000,0.00002820,0.00020000,2.0E-7,knapsack,1,0,2,10.84134663,257,257,1368
424,0.08000000,0.00002820,0.00020000,2.0E-7,knapsack,1,0,2,10.76131843,260,260,1368
425,0.00300000,0.00002820,0.00020000,2.0E-7,knapsack,1,0,2,10.75829023,265,265,1368
426,0.00653000,0.00000141,0.00001000,1E-8,knapsack,1,0,2,10.75175882,265,265,-513
427,0.00200000,0.00002820,0.00020000,2.0E-7,srd,1,0,2,10.74973062,267,267,1368
428,0.06200000,0.00000734,0.00001000,1.02086230876E-8,bnb,10,0,1,,267,257,-6108
429,0.00100000,0.00002820,0.00020000,2.0E-7,srd,1,0,2,10.74870242,257,257,1368
430,0.00100000,0.00000141,0.00001000,1E-8,knapsack,1,0,2,0.00003559,259,259,-513
431,0.00100000,0.00002820,0.00020000,2.0E-7,srd,1,0,2,0.00247180,259,259,1368
432,0.00100000,0.00000276,0.00001000,1E-8,knapsack,3,0,2,10.75020705,259,257,-1737
433,0.00078900,0.00002820,0.00020000,2.0E-7,srd,1,0,2,0.00068280,257,257,1368
434,0.20000000,0.00000208,0.00001000,1E-8,knapsack,2,0,2,10.55088777,259,258,-1125
435,0.00110000,0.00002820,0.00020000,2.0E-7,knapsack,1,0,2,10.54975957,258,258,1368
436,0.01700000,0.00002820,0.00020000,2.0E-7,knapsack,1,0,2,10.53273137,267,267,1368
437,0.00100000,0.00000208,0.00001000,1E-8,knapsack,2,0,2,0.00005961,267,266,-1125
438,0.01565000,0.00002820,0.00020000,2.0E-7,srd,1,0,2,0.21262710,266,266,1368
439,0.00800000,0.00000276,0.00001000,1E-8,knapsack,3,0,2,10.73741532,266,264,-1737
440,0.00325900,0.00002820,0.00020000,2.0E-7,srd,1,0,2,0.09671280,264,264,1368
441,0.00035000,0.00002820,0.00020000,2.0E-7,srd,1,0,2,0.04962180,267,267,1368
442,0.00035000,0.00000276,0.00001000,1E-8,knapsack,3,0,2,10.88339716,267,265,-1737
443,0.00100200,0.00002820,0.00020000,2.0E-7,srd,1,0,2,10.88236696,265,265,1368
444,0.00020000,0.00000141,0.00001000,1E-8,knapsack,1,0,2,10.88216555,273,273,-513
445,0.02088400,0.00000141,0.00001000,1E-8,knapsack,1,0,2,10.86128014,282,282,-513
446,0.01984700,0.00002820,0.00020000,2.0E-7,fifo,1,0,2,0.05036980,282,282,1368
447,0.00070000,0.00000208,0.00001000,1E-8,knapsack,2,0,2,10.91094786,282,281,-1125
448,0.00520000,0.00002820,0.00020000,2.0E-7,knapsack,1,0,2,10.90571966,285,285,1368
449,0.00020000,0.00000141,0.00001000,1E-8,knapsack,1,0,2,10.90551825,285,285,-513
450,0.00068500,0.00000141,0.00001000,1E-8,knapsack,1,0,2,10.90483184,286,286,-513
451,0.10000000,0.00002820,0.00020000,2.0E-7,knapsack,1,0,2,10.80480364,286,286,1368
452,0.07500000,0.00000802,0.00001000,1.01905972046E-8,bnb,11,0,1,,286,275,-6720
453,0.02250000,0.00002820,0.00020000,2.0E-7,srd,1,0,2,10.78227544,275,275,1368
454,0.00800000,0.00000208,0.00001000,1E-8,knapsack,2,0,2,0.00000292,275,274,-1125
455,0.02250000,0.00002820,0.00020000,2.0E-7,srd,1,0,2,10.75974724,274,274,1368
456,0.00070000,0.00000292,0.00001000,1.64971751412E-8,knapsack,2,0,1,,274,272,-1125
457,0.00100000,0.00000141,0.00001000,1E-8,knapsack,1,0,2,10.75874583,277,277,-513
458,0.01000000,0.00002820,0.00020000,2.0E-7,knapsack,1,0,2,10.74871763,277,277,1368
459,0.00709000,0.00002820,0.00020000,2.0E-7,knapsack,1,0,2,10.74159943,278,278,1368
460,0.02250000,0.00000440,0.00001000,1.15485564304E-8,bnb,5,0,1,,278,273,-3002
461,0.02250000,0.00002820,0.00020000,2.0E-7,knapsack,1,0,2,10.71907123,277,277,1368
462,0.02155800,0.00000141,0.00001000,1E-8,knapsack,1,0,2,10.69751182,277,277,-513
463,0.03000000,0.00000398,0.00001000,1.04461942257E-8,bnb,5,0,1,,280,275,-3044
464,0.01000000,0.00002820,0.00020000,2.0E-7,knapsack,1,0,2,10.68748362,275,275,1368
465,0.00475500,0.00000300,0.00001000,1.22448979592E-8,bnb,3,0,1,,275,272,-1782
466,0.12100000,0.00006287,0.00020000,2.00862619808E-7,bnb,4,0,1,,274,270,2727
467,0.00100000,0.00000141,0.00001000,1E-8,knapsack,1,0,2,0.00003919,270,270,-513
468,0.00020000,0.00000141,0.00001000,1E-8,knapsack,1,0,2,0.00007903,279,279,-513
469,0.00020000,0.00002820,0.00020000,2.0E-7,knapsack,1,0,2,0.00017180,279,279,1368
470,0.00020000,0.00002820,0.00020000,2.0E-7,fifo,1,0,2,0.00977180,286,286,1368
471,0.00020000,0.00000208,0.00001000,1E-8,knapsack,2,0,2,0.00000891,286,285,-1125
472,0.02000000,0.00002820,0.00020000,2.0E-7,fifo,1,0,2,0.02997180,307,307,1368
473,0.05000000,0.00000412,0.00001000,1E-8,knapsack,5,0,2,10.67731104,309,305,-2961
474,0.21830800,0.00002820,0.00020000,2.0E-7,knapsack,1,0,2,10.45897484,305,305,1368
475,0.04700000,0.00002820,0.00020000,2.0E-7,fifo,1,0,2,0.00297180,310,310,1368
476,0.05000000,0.00000737,0.00001000,1.02503477051E-8,bnb,10,0,1,,310,300,-6105
477,0.00100000,0.00000208,0.00001000,1E-8,srd,2,0,2,0.00219792,303,302,-1125
478,0.00047000,0.00002998,0.00020000,2.72545454545E-7,knapsack,1,0,1,,306,305,1368
479,0.00183800,0.00002820,0.00020000,2.0E-7,srd,1,0,2,0.00313380,306,306,1368
480,0.10060000,0.00000344,0.00001000,1E-8,knapsack,4,0,2,10.36667492,324,321,-2349
481,0.00282000,0.00002820,0.00020000,2.0E-7,knapsack,1,0,2,10.36382672,321,321,1368
482,0.01500000,0.00000692,0.00001000,1.06134969325E-8,bnb,9,0,1,,323,314,-5470
483,0.00100000,0.00002820,0.00020000,2.0E-7,knapsack,1,0,2,10.36279852,316,316,1368
484,0.09231700,0.00000141,0.00001000,1E-8,knapsack,1,0,2,10.27048011,318,318,-513
485,0.00520000,0.00002820,0.00020000,2.0E-7,srd,1,0,2,10.26525191,318,318,1368
486,0.02500000,0.00000603,0.00001000,1.03253424658E-8,bnb,8,0,1,,320,312,-4879
487,0.01000000,0.00002820,0.00020000,2.0E-7,knapsack,1,0,2,0.00027774,318,318,1368
488,0.02178800,0.00000208,0.00001000,1E-8,knapsack,2,0,2,10.24373957,318,317,-1125
489,0.10000000,0.00004160,0.00020000,2.0E-7,knapsack,2,0,2,0.00017840,321,320,2048
490,0.01600000,0.00000208,0.00001000,1E-8,knapsack,2,0,2,10.22791589,322,321,-1125
491,0.00100400,0.00002820,0.00020000,2.0E-7,knapsack,1,0,2,0.00006780,321,321,1368
492,0.00260000,0.00000208,0.00001000,1E-8,knapsack,2,0,2,10.22538161,323,322,-1125
493,0.25000000,0.00000141,0.00001000,1E-8,knapsack,1,0,2,9.97538020,327,327,-513
494,0.05000000,0.00004160,0.00020000,2.0E-7,srd,2,0,2,0.06581553,331,330,2048
495,0.08000000,0.00000208,0.00001000,1E-8,knapsack,2,0,2,9.96119365,334,333,-1125
496,0.02000000,0.00002820,0.00020000,2.0E-7,knapsack,1,0,2,9.94116545,333,333,1368
497,0.03000000,0.00000612,0.00001000,1.04794520548E-8,bnb,8,0,1,,335,327,-4870
498,0.05000000,0.00000525,0.00001000,1.171875E-8,bnb,6,0,1,,332,326,-3597
499,0.02500000,0.00002820,0.00020000,2.0E-7,knapsack,1,0,2,9.91613725,326,326,1368
500,0.00100000,0.00002820,0.00020000,2.0E-7,srd,1,0,2,9.91510905,329,329,1368
501,0.02010000,0.00002820,0.00020000,2.0E-7,knapsack,1,0,2,9.89498085,338,338,1368
502,0.05010000,0.00000677,0.00001000,1.03834355828E-8,bnb,9,0,1,,338,329,-5485
503,0.03362800,0.00000527,0.00001000,1.17633928571E-8,bnb,6,0,1,,332,326,-3595
504,0.00090800,0.00002820,0.00020000,2.0E-7,knapsack,1,0,2,0.00004289,326,326,1368
505,0.00100200,0.00000208,0.00001000,1E-8,knapsack,2,0,2,9.89401966,334,333,-1125
506,0.00825000,0.00000141,0.00001000,1E-8,knapsack,1,0,2,9.88576825,338,338,-513
507,0.02257600,0.00002820,0.00020000,2.0E-7,knapsack,1,0,2,9.86316405,338,338,1368
508,0.00020000,0.00002820,0.00020000,2.0E-7,knapsack,1,0,2,9.86293585,345,345,1368
509,0.01701500,0.00000654,0.00001000,1.00460829493E-8,bnb,9,0,1,,355,346,-5508
510,0.00500000,0.00002820,0.00020000,2.0E-7,srd,1,0,2,9.85790765,346,346,1368
511,0.00736500,0.00002820,0.00020000,2.0E-7,srd,1,0,2,9.85051445,365,365,1368
512,0.00350000,0.00000457,0.00001000,1.20263157895E-8,bnb,5,0,1,,369,364,-2985
513,0.05000000,0.00002820,0.00020000,2.0E-7,srd,1,0,2,9.80048625,370,370,1368
514,0.02150000,0.00000423,0.00001000,1.11023622047E-8,bnb,5,0,1,,370,365,-3019
515,0.00500000,0.00002820,0.00020000,2.01428571429E-7,knapsack,1,0,2,9.79545805,365,365,1368
516,0.02150000,0.00000141,0.00001000,1E-8,knapsack,1,0,2,9.77395664,369,369,-513
517,0.11925600,0.00002820,0.00020000,2.0E-7,srd,1,0,2,9.65467244,369,369,1368
518,0.00475000,0.00000383,0.00001000,1.22364217252E-8,bnb,4,0,1,,371,367,-2379
519,0.02200000,0.00002820,0.00020000,2.0E-7,srd,1,0,2,9.63264424,369,369,1368
520,0.15000000,0.00002820,0.00020000,2.0E-7,knapsack,1,0,2,9.48261604,374,374,1368
521,0.00165000,0.00000276,0.00001000,1E-8,knapsack,3,0,2,0.00003340,374,372,-1737
522,0.01010000,0.00000440,0.00001000,1.15485564304E-8,bnb,5,0,1,,373,368,-3002
523,0.10532000,0.00002820,0.00020000,2.0E-7,fifo,1,0,2,9.37726784,372,372,1368
524,0.11000000,0.00000886,0.00001000,1E-8,fifo,12,0,2,0.08189114,372,361,-7245
525,0.00150900,0.00000141,0.00001000,1E-8,knapsack,1,0,2,0.00000371,366,366,-513
526,0.00020000,0.00002820,0.00020000,2.0E-7,knapsack,1,0,2,0.00027286,376,376,1368
527,0.25000000,0.00005124,0.00020000,2.09142857143E-7,bnb,3,0,1,,377,374,2244
528,0.05373300,0.00000750,0.00001000,1E-8,fifo,10,0,2,0.01653820,374,365,-6021
529,0.01000000,0.00002820,0.00020000,2.0E-7,fifo,1,0,2,0.04997180,373,373,1368
530,0.15000000,0.00000817,0.00001000,1.13630041725E-8,bnb,10,0,1,,377,367,-6025
531,0.05000000,0.00002820,0.00020000,2.0E-7,fifo,1,0,2,0.04977180,367,367,1368
532,0.21000000,0.00006282,0.00020000,2.00702875399E-7,bnb,4,0,1,,368,364,2722
533,0.01000000,0.00000330,0.00001000,1.05431309904E-8,bnb,4,0,1,,366,362,-2432
534,0.00430000,0.00002820,0.00020000,2.0E-7,knapsack,1,0,2,0.00017180,362,362,1368
535,0.05210000,0.00003656,0.00020000,2.06553672316E-7,bnb,2,0,1,,363,361,1456
536,0.01054800,0.00000411,0.00001000,1.07874015748E-8,bnb,5,0,1,,367,362,-3031
537,0.00030000,0.00002820,0.00020000,2.0E-7,knapsack,1,0,2,0.00057180,370,370,1368
538,0.00030000,0.00000141,0.00001000,1E-8,knapsack,1,0,2,0.00027039,370,370,-513
539,0.02162600,0.00000733,0.00001000,1.12596006144E-8,bnb,9,0,1,,383,374,-5429
540,0.08300000,0.00000412,0.00001000,1E-8,knapsack,5,0,2,9.49243666,389,385,-2961
541,0.00090000,0.00002820,0.00020000,2.0E-7,srd,1,0,2,0.00948412,389,389,1368
542,0.09000000,0.00000208,0.00001000,1E-8,knapsack,2,0,2,9.41191870,389,388,-1125
543,10.00000000,0.00006560,0.00020000,2.09584664537E-7,bnb,4,0,1,,402,398,3000
544,0.01513500,0.00000528,0.00001000,1.02325581395E-8,bnb,7,0,1,,398,391,-4274
545,0.00020000,0.00000141,0.00001000,1E-8,knapsack,1,0,2,0.00059859,392,392,-513
546,0.20000000,0.00000750,0.00001000,1E-8,srd,10,0,2,0.04595189,393,384,-6021
547,0.00190000,0.00000272,0.00001000,1.53672316384E-8,bnb,2,0,1,,385,383,-1130
548,0.00200000,0.00002820,0.00020000,2.0E-7,knapsack,1,0,2,0.00005135,385,385,1368
549,0.01000000,0.00000323,0.00001000,1.03194888179E-8,bnb,4,0,1,,385,381,-2439
550,0.05300000,0.00004160,0.00020000,2.0E-7,knapsack,2,0,2,0.00005840,381,380,2048
551,0.02000000,0.00002820,0.00020000,2.0E-7,fifo,1,0,2,0.07997180,381,381,1368
552,0.10000000,0.00004160,0.00020000,2.0E-7,knapsack,2,0,2,0.00000975,394,393,2048
553,0.10000000,0.00000344,0.00001000,1E-8,knapsack,4,0,2,0.02598840,393,390,-2349
554,0.10000000,0.00004160,0.00020000,2.0E-7,knapsack,2,0,2,0.00035840,390,389,2048
555,0.10016100,0.00004160,0.00020000,2.0E-7,knapsack,2,0,2,0.00015580,390,389,2048
556,0.00020000,0.00000141,0.00001000,1E-8,knapsack,1,0,2,0.00069859,391,391,-513
557,0.00050000,0.00002820,0.00020000,2.0E-7,srd,1,0,2,0.02297180,395,395,1368
558,0.01400000,0.00000344,0.00001000,1E-8,knapsack,4,0,2,0.03581115,401,398,-2349
559,0.03890000,0.00002820,0.00020000,2.0E-7,fifo,1,0,2,0.06107180,406,406,1368
560,0.01027300,0.00000328,0.00001000,1.04792332268E-8,bnb,4,0,1,,414,410,-2434
561,1.05739400,0.00005316,0.00020000,2.16979591837E-7,bnb,3,0,1,,410,407,2436
562,0.01234600,0.00000208,0.00001000,1E-8,knapsack,2,0,2,0.08453487,407,406,-1125
563,0.00200000,0.00002820,0.00020000,2.0E-7,knapsack,1,0,2,0.08250667,406,406,1368
564,0.00310000,0.00002820,0.00020000,2.0E-7,knapsack,1,0,2,0.07937847,413,413,1368
565,0.00256000,0.00000344,0.00001000,1E-8,knapsack,4,0,2,0.00000556,413,410,-2349
566,0.01000000,0.00000456,0.00001000,1.19685039370E-8,bnb,5,0,1,,413,408,-2986
567,0.00035000,0.00000141,0.00001000,1E-8,knapsack,1,0,2,0.00004859,411,411,-513
568,0.01910000,0.00004160,0.00020000,2.0E-7,knapsack,2,0,2,0.06028546,413,412,2048
569,0.14716900,0.00004960,0.00020000,2.02448979592E-7,bnb,3,0,1,,421,418,2080
570,0.14796800,0.00000954,0.00001000,1.00104931794E-8,srd,13,0,2,0.00475003,422,410,-7857
571,1.01655700,0.00001225,0.00001000,1E-8,fifo,17,0,2,0.37170754,415,399,-10305
572,10.00000000,0.00026707,0.00020000,2.00955605719E-7,bnb,19,0,1,,403,384,12947
573,0.01100000,0.00000454,0.00001000,1.01339285714E-8,bnb,6,0,1,,384,378,-3668
574,0.00700000,0.00002820,0.00020000,2.0E-7,srd,1,0,2,0.19297180,382,382,1368
575,0.30300100,0.00001428,0.00001000,1E-8,fifo,20,0,2,0.00086807,384,365,-12141
576,0.20476600,0.00000344,0.00001000,1E-8,knapsack,4,0,2,0.05410592,368,365,-2349
577,0.01200000,0.00002820,0.00020000,2.0E-7,knapsack,1,0,2,0.04207772,369,369,1368
578,0.00400000,0.00000425,0.00001000,1.11548556430E-8,bnb,5,0,1,,369,364,-3017
579,0.05000000,0.00000479,0.00001000,1E-8,fifo,6,0,2,0.00826180,365,360,-3573
580,0.05000000,0.00000208,0.00001000,1E-8,knapsack,2,0,2,0.00033744,369,368,-1125
581,0.01228500,0.00004160,0.00020000,2.0E-7,srd,2,0,2,0.00922340,368,367,2048
582,0.05000000,0.00000708,0.00001000,1.08588957055E-8,bnb,9,0,1,,371,362,-5454
583,0.00210000,0.00002820,0.00020000,2.0E-7,knapsack,1,0,2,0.00709520,362,362,1368
584,0.10000000,0.00000818,0.00001000,1E-8,fifo,11,0,2,0.01664494,362,352,-6633
585,0.02500000,0.00002820,0.00020000,2.0E-7,srd,1,0,2,0.08397180,360,360,1368
586,0.01097000,0.00003560,0.00020000,2.01129943503E-7,bnb,2,0,1,,361,359,1360
587,0.02700000,0.00002820,0.00020000,2.0E-7,fifo,1,0,2,0.03297180,360,360,1368
588,0.02121100,0.00003900,0.00020000,2.20338983051E-7,bnb,2,0,1,,365,363,1700
589,0.00100000,0.00000141,0.00001000,1E-8,knapsack,1,0,2,0.00003859,365,365,-513
590,0.00500000,0.00000451,0.00001000,1.18372703412E-8,bnb,5,0,1,,368,363,-2991
591,0.00210000,0.00003201,0.00020000,2.91E-7,knapsack,1,0,1,,369,368,1368
592,0.04180000,0.00000412,0.00001000,1E-8,knapsack,5,0,2,0.09891821,368,364,-2961
593,0.00440400,0.00002820,0.00020000,2.0E-7,knapsack,1,0,2,0.09448601,368,368,1368
594,0.00310000,0.00002820,0.00020000,2.0E-7,knapsack,1,0,2,0.09135781,373,373,1368
595,0.14100000,0.00000518,0.00001000,1.00387596899E-8,bnb,7,0,1,,377,370,-4284
596,0.04476800,0.00002820,0.00020000,2.0E-7,knapsack,1,0,2,0.04656161,370,370,1368
597,0.06000000,0.00004160,0.00020000,2.0E-7,fifo,2,0,2,0.04997340,371,370,2048
598,0.45061700,0.00005613,0.00020000,2.29102040816E-7,knapsack,3,0,1,,373,370,2728
599,0.00150000,0.00000276,0.00001000,1E-8,knapsack,3,0,2,0.00009768,370,368,-1737
600,1.00000000,0.00009021,0.00020000,2.01361607143E-7,bnb,6,0,1,,368,362,4101
601,0.04170000,0.00002820,0.00020000,2.0E-7,fifo,1,0,2,0.05827180,375,375,1368
602,1.00000000,0.00009365,0.00020000,2.09040178571E-7,bnb,6,0,1,,376,370,4445
603,0.02048600,0.00000400,0.00001000,1.04986876640E-8,bnb,5,0,1,,370,365,-3042
604,0.08000000,0.00000521,0.00001000,1.16294642857E-8,bnb,6,0,1,,372,366,-3601
605,0.13200000,0.00004160,0.00020000,2.0E-7,srd,2,0,2,0.09285840,370,369,2048
606,0.00030000,0.00000141,0.00001000,1E-8,knapsack,1,0,2,0.00038066,375,375,-513
607,0.00040000,0.00002820,0.00020000,2.0E-7,srd,1,0,2,0.09957180,377,377,1368
608,0.27098100,0.00000818,0.00001000,1E-8,srd,11,0,2,0.01829513,377,367,-6633
609,0.00030000,0.00002820,0.00020000,2.0E-7,knapsack,1,0,2,0.00002243,367,367,1368
610,0.00030000,0.00000141,0.00001000,1E-8,knapsack,1,0,2,0.00007925,367,367,-513
611,0.00030000,0.00002820,0.00020000,2.0E-7,knapsack,1,0,2,0.00067180,367,367,1368
612,0.05000000,0.00004927,0.00020000,2.01102040816E-7,bnb,3,0,1,,384,381,2047
613,0.00045000,0.00000344,0.00001000,1E-8,knapsack,4,1,2,0.00000226,381,378,-2349
614,0.05000000,0.00004160,0.00020000,2.0E-7,knapsack,2,0,2,0.00001340,378,377,2048
615,0.10020000,0.00004160,0.00020000,2.0E-7,knapsack,2,0,2,0.00010840,388,387,2048
616,0.01100000,0.00000671,0.00001000,1.02914110429E-8,bnb,9,0,1,,387,378,-5491
617,0.18173000,0.00005062,0.00020000,2.06612244898E-7,bnb,3,0,1,,378,375,2182
618,0.00060000,0.00000141,0.00001000,1E-8,knapsack,1,0,2,0.00007039,379,379,-513
619,0.05000000,0.00002820,0.00020000,2.0E-7,srd,1,0,2,0.04997180,383,383,1368
620,0.05922500,0.00000690,0.00001000,1.05828220859E-8,bnb,9,0,1,,385,376,-5472
621,0.12668000,0.00005587,0.00020000,2.28040816327E-7,knapsack,3,0,1,,376,373,2728
622,0.00150000,0.00000141,0.00001000,1E-8,knapsack,1,0,2,0.00019859,373,373,-513
623,0.00200000,0.00002820,0.00020000,2.0E-7,knapsack,1,0,2,0.00005470,373,373,1368
624,0.10000000,0.00000669,0.00001000,1.14751286449E-8,bnb,8,0,1,,373,365,-4813
625,0.10000000,0.00004160,0.00020000,2.0E-7,knapsack,2,0,2,0.00055840,367,366,2048
626,0.00022200,0.00002820,0.00020000,2.0E-7,knapsack,1,0,2,0.00030820,371,371,1368
627,0.01810000,0.00000545,0.00001000,1.05620155039E-8,bnb,7,0,1,,371,364,-4257
628,0.08000000,0.00002820,0.00020000,2.0E-7,srd,1,0,2,0.01997180,368,368,1368
629,0.00310600,0.00002820,0.00020000,2.0E-7,knapsack,1,0,2,0.00002480,369,369,1368
630,0.02670400,0.00004920,0.00020000,2.00816326531E-7,bnb,3,0,1,,380,377,2040
631,0.00030000,0.00002820,0.00020000,2.0E-7,knapsack,1,0,2,0.00067180,378,378,1368
632,0.15094000,0.00006290,0.00020000,2.00958466454E-7,bnb,4,0,1,,381,377,2730
633,0.07360800,0.00000666,0.00001000,1.02147239264E-8,bnb,9,0,1,,377,368,-5496
634,0.08000000,0.00004990,0.00020000,2.03673469388E-7,bnb,3,0,1,,368,365,2110
635,0.17726700,0.00005528,0.00020000,2.25632653061E-7,bnb,3,0,1,,368,365,2648
636,0.10931300,0.00004122,0.00020000,2.32881355932E-7,bnb,2,0,1,,366,364,1922
637,0.00157000,0.00000208,0.00001000,1E-8,knapsack,2,0,2,0.00009972,364,363,-1125
638,0.00300000,0.00000208,0.00001000,1E-8,knapsack,2,0,2,0.00001992,364,363,-1125
639,0.05000000,0.00002820,0.00020000,2.0E-7,srd,1,0,2,0.04997180,363,363,1368
640,0.00200000,0.00000208,0.00001000,1E-8,knapsack,2,0,2,0.00001784,363,362,-1125
641,0.01072900,0.00002820,0.00020000,2.0E-7,fifo,1,0,2,0.08924280,362,362,1368
642,0.30526600,0.00001428,0.00001000,1E-8,srd,20,0,2,0.00752389,362,343,-12141
643,0.14841700,0.00003978,0.00020000,2.24745762712E-7,bnb,2,0,1,,353,351,1778
644,1.00010000,0.00002444,0.00001000,1E-8,fifo,35,0,2,0.03040736,351,317,-21321
645,0.04247400,0.00002820,0.00020000,2.0E-7,srd,1,0,2,0.00366480,317,317,1368
646,0.02018400,0.00004160,0.00020000,2.0E-7,knapsack,2,0,2,0.00001440,320,319,2048
647,0.00063500,0.00002820,0.00020000,2.0E-7,knapsack,1,0,2,0.00023680,322,322,1368
648,0.00064500,0.00000141,0.00001000,1E-8,knapsack,1,0,2,0.00035359,322,322,-513
649,1.00010000,0.00006873,0.00020000,2.19584664537E-7,bnb,4,0,1,,322,318,3313
650,0.01135700,0.00000601,0.00001000,1.02910958904E-8,bnb,8,0,1,,318,310,-4881
651,0.00070000,0.00002820,0.00020000,2.0E-7,knapsack,1,0,2,0.00027180,310,310,1368
652,0.00070000,0.00000141,0.00001000,1E-8,knapsack,1,0,2,0.00029859,312,312,-513
653,0.00070000,0.00002820,0.00020000,2.0E-7,srd,1,0,2,0.00927180,312,312,1368
654,0.00090000,0.00002820,0.00020000,2.0E-7,knapsack,1,0,2,0.00014180,313,313,1368
655,0.00070000,0.00000276,0.00001000,1E-8,knapsack,3,0,2,0.00000943,313,311,-1737
656,4.68120500,0.00014490,0.00020000,2.01529902643E-7,bnb,10,0,1,,311,301,6850
657,0.10672600,0.00000615,0.00001000,1E-8,fifo,8,0,2,0.00599593,301,294,-4797
658,0.00070000,0.00000141,0.00001000,1E-8,knapsack,1,0,2,0.00119859,295,295,-513
659,0.02008100,0.00002820,0.00020000,2.0E-7,srd,1,0,2,0.07989080,295,295,1368
660,0.00070000,0.00002820,0.00020000,2.0E-7,knapsack,1,0,2,0.00047039,296,296,1368
661,1.04771900,0.00002580,0.00001000,1E-8,fifo,37,0,2,0.00574455,296,260,-22545
662,0.00070000,0.00002820,0.00020000,2.0E-7,srd,1,0,2,0.02054794,262,262,1368
663,0.11724600,0.00004160,0.00020000,2.0E-7,srd,2,0,2,0.00218420,263,262,2048
664,0.12650200,0.00000750,0.00001000,1E-8,fifo,10,0,2,0.04669683,264,255,-6021
665,0.05307800,0.00005002,0.00020000,2.04163265306E-7,bnb,3,0,1,,257,254,2122
666,0.10000000,0.00004000,0.00020000,2.25988700565E-7,bnb,2,0,1,,257,255,1800
667,0.02599100,0.00000650,0.00001000,1.11301369863E-8,bnb,8,0,1,,255,247,-4832
668,0.00190000,0.00002820,0.00020000,2.0E-7,knapsack,1,0,2,0.00007180,247,247,1368
669,0.00650000,0.00000208,0.00001000,1E-8,fifo,2,0,2,0.00529792,253,252,-1125
670,0.00250000,0.00002820,0.00020000,2.0E-7,srd,1,0,2,0.01747180,252,252,1368
671,0.15000000,0.00000776,0.00001000,1.07927677330E-8,bnb,10,0,1,,252,242,-6066
672,0.01000000,0.00002820,0.00020000,2.0E-7,knapsack,1,0,2,0.00032877,242,242,1368
673,0.15000000,0.00000487,0.00001000,1.08705357143E-8,bnb,6,0,1,,242,236,-3635
674,0.00194200,0.00000141,0.00001000,1E-8,knapsack,1,0,2,0.00005659,241,241,-513
675,0.00265000,0.00000208,0.00001000,1E-8,knapsack,2,0,2,0.00017669,244,243,-1125
676,0.00300000,0.00000276,0.00001000,1E-8,knapsack,3,0,2,0.00005383,244,242,-1737
677,0.00250000,0.00000141,0.00001000,1E-8,knapsack,1,0,2,0.00039859,243,243,-513
678,0.06000000,0.00000589,0.00001000,1.00856164384E-8,bnb,8,0,1,,248,240,-4893
679,0.01000000,0.00002820,0.00020000,2.0E-7,srd,1,0,2,0.03666863,240,240,1368
680,0.04954700,0.00000397,0.00001000,1.04199475066E-8,bnb,5,0,1,,240,235,-3045
681,0.00024300,0.00002820,0.00020000,2.0E-7,knapsack,1,0,2,0.00000977,237,237,1368
682,0.00250000,0.00000141,0.00001000,1E-8,knapsack,1,0,2,0.00049859,237,237,-513
683,0.21447000,0.00006419,0.00020000,2.05079872204E-7,bnb,4,0,1,,239,235,2859
